tag,model,seed,p,pi,m0,T05,T09,T01d,T05d,T09d,drop,final_mx,learned,n_neur_05,n_neur_09,sharp_d,sharp_m,pooled0,pooled_end,Tq01,Tq05,Tq09,sharp_q
A_a1.0,A,0,1,0.2957941917269395,0.5128974914550781,0.0,12248.021111902965,3054.66047017772,9334.943192097508,15298.279215632672,0.7356336301488824,0.9975296854972839,True,10,9,1.3115900647172425,inf,,,,,,
A_a1.0,A,0,2,0.14789709586346975,0.38674262166023254,16163.526460398996,41382.03392415359,14839.18894970752,33151.771882506044,46735.08090295224,0.8497112034223724,0.999565839767456,True,9,8,0.9621172607692791,1.9733250681025811,,,,,,
A_a1.0,A,0,3,0.09859806390897982,0.4316404461860657,14209.108727729204,53829.506896445164,16991.567437811776,43303.75773863208,61097.93492150534,0.8134298840841723,0.9998123049736023,True,4,4,1.0185344133390406,3.1040910678387297,,,,,,
A_a1.0,A,0,4,0.07394854793173487,0.3888222277164459,33978.16063460585,90826.83338179704,31254.942620730802,73274.26179347097,104362.7119400264,0.8481051265626531,0.9994270205497742,True,7,5,0.9977278177889443,2.151610562604654,,,,,,
A_a1.0,A,0,5,0.0591588383453879,0.33057665824890137,96713.537758276,161898.30485813334,80986.87652012204,139196.2864219011,174853.26813056524,0.8901445667834196,0.999697744846344,True,4,4,0.6743455161291881,0.9705610381563241,,,,,,
A_a1.0,A,0,6,0.04929903195448991,0.40500983595848083,212584.74310776943,293765.8049681681,208270.80964901458,264647.5086885867,296241.77782231267,0.7424537982156698,0.9520959854125977,True,1,1,0.33240807219090196,0.41381600056172124,,,,,,
A_a1.0,A,0,7,0.042256313103848496,0.38839080929756165,55656.83714090114,141150.32098765433,50228.5595818699,114192.85264280063,158375.5650976488,0.8479890775903582,0.9992192983627319,True,5,3,0.9470558184063117,1.9431036880876538,,,,,,
A_a1.0,A,0,8,0.03697427396586744,0.40844327211380005,70898.0079681275,201601.83584829624,70769.20934208801,165745.370804428,225401.98304135393,0.8290996256310841,0.9979606866836548,True,3,3,0.9329538010550263,2.181059498438683,,,,,,
A_a1.0,A,0,9,0.03286602130299327,0.49092796444892883,4232.557307871115,122405.88524705387,25177.084571869622,90425.3726532297,154754.3897974492,0.7567778377370642,0.9988926649093628,True,4,4,1.4329750757289414,30.614424283071116,,,,,,
A_a1.0,A,0,10,0.02957941917269395,0.397798627614975,209721.01188332733,,175874.6054485452,258504.3364089671,299303.22918477916,0.4394121504243129,0.7730820775032043,False,1,0,0.47747215946491345,0.5885372315717234,,,,,,
A_a1.0,A,0,11,0.026890381066085406,0.5312811136245728,0.0,122261.15706352369,26956.550079927794,89771.08280326244,155134.2556381802,0.7169314685076138,0.9995954632759094,True,1,1,1.42782844492541,inf,,,,,,
A_a1.0,A,0,12,0.024649515977244955,0.5114596486091614,0.0,147087.9116485933,37140.01447503283,109249.36005231105,182298.32017377138,0.7351578571184803,0.9983730912208557,True,2,2,1.3286879266774057,inf,,,,,,
A_a1.0,A,0,13,0.02275339936361073,0.5637015104293823,0.0,133602.70830633666,29454.756228470244,101561.14246774274,173753.07228771466,0.6800456202138783,0.998901903629303,True,3,1,1.4208024107751211,inf,,,,,,
A_a1.0,A,0,14,0.021128156551924248,0.45746910572052,40928.72265349329,230924.6571167327,68201.14511510252,179678.9665236063,257055.8870403046,0.7542939007146146,0.9816169738769531,True,2,1,1.051067610077723,4.614234935306079,,,,,,
A_a1.0,A,0,15,0.019719612781795966,0.534636378288269,0.0,211121.43922970805,53917.904338929795,162499.2230884353,249841.4723632849,0.6913188162258166,0.9885114431381226,True,3,1,1.205689259927905,inf,,,,,,
A_a1.0,A,0,16,0.01848713698293372,0.4739353358745575,47773.83665520242,,130773.91066490866,236112.80579987628,292039.93116558995,0.5419928821084623,0.8755612969398499,False,1,0,0.6830041257371132,3.375613762499017,,,,,,
A_a1.0,A,1,1,0.2957941917269395,0.475471556186676,1424.18131212226,14302.782792286887,3663.8945504959183,10812.056153582384,17195.480886332945,0.7733752939351746,0.9997158646583557,True,9,8,1.2515275673400543,9.501308731310889,,,,,,
A_a1.0,A,1,2,0.14789709586346975,0.48026731610298157,2656.992006823981,28841.672344333198,7756.002913661146,22035.994756024877,34399.805167345075,0.7680512555837415,0.9988015294075012,True,10,7,1.2091036755397317,10.02780670218592,,,,,,
A_a1.0,A,1,3,0.09859806390897982,0.4570387303829193,8321.379202274418,46479.19132536417,13429.390697582012,35488.58357029814,55546.459902565635,0.789866914041105,0.9993754625320435,True,7,6,1.186777971049629,5.061308730345096,,,,,,
A_a1.0,A,1,4,0.07394854793173487,0.43068763613700867,17443.952741522055,70343.76396883064,21334.304180114374,55588.05784281611,81296.01391000093,0.8134856059123612,0.9994305372238159,True,5,4,1.078679703101656,3.437392351285094,,,,,,
A_a1.0,A,1,5,0.0591588383453879,0.3603164553642273,77973.07924734477,140679.6327741176,67269.87315331718,120345.533230199,152136.1766264122,0.864736124887127,0.9972783327102661,True,3,1,0.7051886446899637,1.0884051815355873,,,,,,
A_a1.0,A,1,6,0.04929903195448991,0.44855809211730957,26160.22699751926,105715.28732616112,33854.26368949439,84624.41538379928,122113.74484670458,0.7949424595562533,0.998071551322937,True,4,3,1.0429552837313523,3.373804102142528,,,,,,
A_a1.0,A,1,7,0.042256313103848496,0.3639211654663086,79083.48033915667,174288.68753229498,59701.69977595523,137122.77210083877,177296.0892152443,0.7741826516961545,0.9521666169166565,True,4,2,0.8575846858814326,1.4869652794107555,,,,,,
A_a1.0,A,1,8,0.03697427396586744,0.6232587695121765,0.0,69052.20288396468,12813.624088654678,50742.81139873451,101065.51082827643,0.6069995388136817,0.9977229237556458,True,5,4,1.7391997862740156,inf,,,,,,
A_a1.0,A,1,9,0.03286602130299327,0.4607968032360077,25829.19909074317,154199.4301539117,46687.247223832885,116542.08157365219,166820.61036010904,0.7347698574518224,0.9731924533843994,True,2,1,1.0308153202185115,4.651068068902312,,,,,,
A_a1.0,A,1,10,0.02957941917269395,0.4031596779823303,160259.87962487753,,110148.20806152346,153223.6813249975,187648.4187523809,0.1538680546627802,0.5624995827674866,False,1,0,0.5057978637549793,0.4835908455208081,,,,,,
A_a1.0,A,1,11,0.026890381066085406,0.47000738978385925,,,205.38741001670118,1045.3947315031924,5936.373426473415,0.0013119619906802882,0.4439027011394501,False,0,0,5.482126362179024,,,,,,,
A_a1.0,A,1,12,0.024649515977244955,0.49720126390457153,4030.3342816500713,,11992.764891223274,164922.9635508951,186769.2712331436,0.11378209925991811,0.6008254289627075,False,2,0,1.0597463359793702,43.36526305961017,,,,,,
A_a1.0,A,1,13,0.02275339936361073,0.49102145433425903,37561.86973543718,,55780.7358217184,134078.59118302466,180594.14479809583,0.4212759256920151,0.8138660788536072,False,3,0,0.9308973779863203,3.322875294959667,,,,,,
A_a1.0,A,1,14,0.021128156551924248,0.49002328515052795,5388.73974363822,187794.6494202114,39626.64153337108,119488.79810056325,174138.7678445962,0.5805384722893967,0.9059035778045654,True,2,1,1.125730013603602,24.96170398097737,,,,,,
A_a1.0,A,1,15,0.019719612781795966,0.5008594393730164,0.0,,37487.8318395418,120784.70537266474,177585.89818454697,0.51928739720152,0.8775805234909058,False,3,0,1.1598990610007425,inf,,,,,,
A_a1.0,A,1,16,0.01848713698293372,0.2943245768547058,,,0.0,0.0,0.0,0.0,0.26177892088890076,False,0,0,,,,,,,,
A_a1.0,A,2,1,0.2957941917269395,0.3564634919166565,11815.043469766533,25529.126657309564,9619.36601664542,20973.13399458318,28708.093617761668,0.8723491428401644,0.9990865588188171,True,10,8,0.9101514159040978,1.61562906221736,,,,,,
A_a1.0,A,2,2,0.14789709586346975,0.38950154185295105,17624.380620186785,43257.71098248217,16379.65523388506,34946.282682805024,48916.063302535826,0.8481611182235467,0.9999299049377441,True,7,7,0.9310406020569388,1.8461022131684957,,,,,,
A_a1.0,A,2,3,0.09859806390897982,0.3634300231933594,29056.542061494565,66416.2999396539,24656.243210631997,53953.24549601276,73631.67361218722,0.867147840348057,0.9995120167732239,True,6,6,0.9077383566327738,1.6855216390823384,,,,,,
A_a1.0,A,2,4,0.07394854793173487,0.3802812993526459,37561.954549382186,89522.87671342111,33386.91379366336,73446.56555257112,100551.9962665896,0.853763757445658,0.9991298317909241,True,6,5,0.914475468901963,1.7881146835590045,,,,,,
A_a1.0,A,2,5,0.0591588383453879,0.4274164140224457,25481.521476047736,89593.74730001316,29458.51140786209,70791.66195437372,102940.92783891181,0.8170088646153664,0.9997370839118958,True,3,2,1.0380094830717528,2.883753095360579,,,,,,
A_a1.0,A,2,6,0.04929903195448991,0.3511050045490265,156986.85525405488,243075.2272850999,132082.59459468303,211834.2060669451,245016.89539618665,0.7795891582772319,0.9501914978027344,True,2,1,0.5331258954741872,0.7193869870107267,,,,,,
A_a1.0,A,2,7,0.042256313103848496,0.41819122433662415,49085.315194545125,145015.02682366056,52140.739681166575,116416.90492070744,167260.81406309723,0.820438802681223,0.997625470161438,True,6,4,0.9888604619779228,2.345305799212307,,,,,,
A_a1.0,A,2,8,0.03697427396586744,0.4668963551521301,26631.820499745027,141260.0315690489,49526.38889820275,111466.77995965038,163751.99683734446,0.778950627274213,0.9984702467918396,True,3,2,1.024750225856439,4.289064952966145,,,,,,
A_a1.0,A,2,9,0.03286602130299327,0.3665602207183838,96909.5557065657,212853.7263774288,75789.97374976508,173565.78989472368,224691.18213393984,0.8262476774888796,0.9801092147827148,True,2,1,0.8578949139371923,1.5364966570999001,,,,,,
A_a1.0,A,2,10,0.02957941917269395,0.5606247186660767,0.0,186327.66025788098,98158.56929263155,157928.3209973552,212936.68943972385,0.6660979597785293,0.990150511264801,True,4,1,0.7267735097938164,inf,,,,,,
A_a1.0,A,2,11,0.026890381066085406,0.5091474056243896,0.0,143543.68990881293,33785.78899148553,106578.910406449,174449.96812546733,0.7334653567909051,0.9963415265083313,True,4,2,1.3198125088495027,inf,,,,,,
A_a1.0,A,2,12,0.024649515977244955,0.4801940321922302,137206.10206809783,,106244.20851022833,140838.25256220327,214734.6426582019,0.041993420794966596,0.5220916867256165,False,2,0,0.7703193711527851,0.7907114371205431,,,,,,
A_a1.0,A,2,13,0.02275339936361073,0.452345609664917,71639.2482304125,,76918.70533869696,184265.3059928786,241080.69148837312,0.5286386454822036,0.8563032150268555,False,4,0,0.8909001358943859,2.291509056902493,,,,,,
A_a1.0,A,2,14,0.021128156551924248,0.4846869707107544,11566.700741119346,230153.01864101025,48040.94598736246,160263.34311467054,230891.3049228148,0.6419061912683901,0.93639075756073,True,3,2,1.1409368816462322,15.808341810506402,,,,,,
A_a1.0,A,2,15,0.019719612781795966,0.4504159688949585,79852.2288070085,,33976.79731518045,131120.02108722852,223092.43764202215,0.17137286025467802,0.6116498112678528,False,1,0,1.442309410559286,2.368320122709503,,,,,,
A_a1.0,A,2,16,0.01848713698293372,0.5097750425338745,0.0,231320.107049081,50489.57192446224,157618.27652889973,231484.51035954393,0.6116434508367519,0.933549165725708,True,3,1,1.1483118736036666,inf,,,,,,
A_a1.5,A,0,1,0.47168346259628857,0.4160224497318268,3154.3614971412203,11466.90925045425,3320.0188464529124,8904.964074313362,13577.663126164582,0.8267400786626729,0.9994572401046753,True,9,9,1.151901815000035,3.251892431798991,,,,,,
A_a1.5,A,0,2,0.16676528748769345,0.4692191183567047,3044.6225434662524,24155.11241512281,6588.761867481559,18150.841028543644,28663.11464781929,0.7765216703513067,0.9979556202888489,True,10,9,1.2161614299648182,7.250275679561396,,,,,,
A_a1.5,A,0,3,0.09077552470075399,0.3932177722454071,24509.43779269615,66527.13200493179,22850.053022309075,53673.05613536559,74919.36540585695,0.8434912088725914,0.9986192584037781,True,10,6,0.9701201335028696,2.124459680550674,,,,,,
A_a1.5,A,0,4,0.05896043282453607,0.3648515045642853,62081.060590946276,129977.82055995202,54184.24271833032,109672.05531204547,142187.65908055753,0.8655167547198337,0.9993164539337158,True,4,4,0.8024233348398061,1.4175565868966706,,,,,,
A_a1.5,A,0,5,0.04218865144911123,0.36128121614456177,79522.08712142339,171422.81838428832,64568.5173269333,139151.31732463223,190182.8795130287,0.8581090995911289,0.994300365447998,True,4,3,0.9027177363549073,1.5796160127725654,,,,,,
A_a1.5,A,0,6,0.032093994540835044,0.41140276193618774,58166.07476478212,176796.90925652543,58665.47620583537,140090.77607481155,197582.4666385597,0.8163351019390177,0.9927675127983093,True,4,1,0.9916212496284523,2.388282018246735,,,,,,
A_a1.5,A,0,7,0.025468513052481965,0.5002782344818115,0.0,147172.459146412,35470.23268727458,111000.1152263697,176546.4456225074,0.7412952054587549,0.9957778453826904,True,2,1,1.2709555539426873,inf,,,,,,
A_a1.5,A,0,8,0.02084566093596168,0.4723871946334839,24434.368899205263,213494.15175195364,51633.00051241636,152509.394992364,220699.4305065451,0.6794148686803005,0.950033962726593,True,2,1,1.108564033072151,6.919205922262543,,,,,,
A_a1.5,A,0,9,0.017469757873936613,0.4092187285423279,109437.17575604201,,52923.92929246975,171255.12518473782,231295.79169572392,0.3469844160606783,0.7172477841377258,False,2,0,1.0415563458952795,1.6299019156057333,,,,,,
A_a1.5,A,0,10,0.014915940764391107,0.45853376388549805,89212.616562024,,35467.645846714804,145169.594241425,227975.90048841375,0.149617294819965,0.5998920798301697,False,1,0,1.326092117620355,2.157859079358578,,,,,,
A_a1.5,A,0,11,0.012928901365682022,0.49227654933929443,,,0.0,0.0,0.0,0.0,0.23180510103702545,False,0,0,,,,,,,,
A_a1.5,A,0,12,0.011346940587594249,0.4708276689052582,117353.18242343541,,104519.22520240697,180310.29283509526,232107.7083713889,0.19743968194779438,0.647393524646759,False,1,0,0.7076051020873743,1.0872179222938783,,,,,,
A_a1.5,A,0,13,0.010063188817629107,0.43852224946022034,128416.94994043987,,28926.94287614054,142071.7630546082,227274.52302649032,0.13268330665965333,0.5700746178627014,False,1,0,1.3961083883650465,1.5445591897513837,,,,,,
A_a1.5,A,0,14,0.009004479143074047,0.3951982259750366,,,94048.53432575281,171697.15173988108,229937.56210199354,0.05834309201200938,0.4631681442260742,False,0,0,0.791446022250333,,,,,,,
A_a1.5,A,0,15,0.008119209756963888,0.48893287777900696,17102.708748723435,,39002.12279351366,153226.0021976608,226105.64132754007,0.19437523759957553,0.6583544611930847,False,1,0,1.2210950873250859,10.939993265569234,,,,,,
A_a1.5,A,0,16,0.007370054103067009,0.39507901668548584,,,36667.82106879101,149529.62450788938,225611.48796309732,0.04341102795825069,0.44665250182151794,False,0,0,1.2635868478646344,,,,,,,
A_a1.5,A,1,1,0.47168346259628857,0.42547735571861267,2661.180838613342,10715.58779117958,3029.442885227612,8102.852176393513,12726.29248678765,0.815351910445961,0.995016872882843,True,12,9,1.1967205362341924,3.6438146032243197,,,,,,
A_a1.5,A,1,2,0.16676528748769345,0.3822767436504364,15241.570855792464,38059.406640342924,13457.426376864123,30771.371909560083,43167.49514730347,0.8537511264427335,0.9999302625656128,True,7,7,0.9655100480329571,1.9492786571371161,,,,,,
A_a1.5,A,1,3,0.09077552470075399,0.4214264750480652,17579.719795956633,57778.25340975495,19066.43519949556,45777.999030638784,67566.75819539274,0.8219746709795963,0.99929279088974,True,6,5,1.0594679545393928,2.758879183447073,,,,,,
A_a1.5,A,1,4,0.05896043282453607,0.4231906831264496,36943.86610200948,100839.58234883774,40639.99053132832,82852.12540366988,114298.62809036465,0.8203220302658343,0.9995867013931274,True,5,3,0.8890373928267828,1.9937988448650703,,,,,,
A_a1.5,A,1,5,0.04218865144911123,0.47877010703086853,14576.955650852971,101850.99108091163,31469.947547217605,79068.79429896486,121837.20844722027,0.7679373496825184,0.9982122182846069,True,6,4,1.142894130373577,6.199323306215508,,,,,,
A_a1.5,A,1,6,0.032093994540835044,0.544606626033783,0.0,97477.70994999139,22099.14231750193,72066.17350451645,124653.98508916424,0.7023920303897135,0.9992513060569763,True,2,2,1.423064910824426,inf,,,,,,
A_a1.5,A,1,7,0.025468513052481965,0.4221329987049103,58817.215588505445,204517.4243688464,61466.57556014485,159946.76497510294,220106.62460780045,0.7709531257104372,0.9742429852485657,True,2,1,0.9918303072422207,2.69717033457562,,,,,,
A_a1.5,A,1,8,0.02084566093596168,0.4621126651763916,28922.574646577774,215038.89680439653,55563.10446603413,151288.0895374179,222277.1018723833,0.6906596687126694,0.9508984088897705,True,4,1,1.1019637958024184,5.764147882528687,,,,,,
A_a1.5,A,1,9,0.017469757873936613,0.4407977759838104,58821.320578371546,,52756.065459207995,173174.6109344573,236290.98569531433,0.5166536539773885,0.8431822657585144,False,3,0,1.0598257980528691,3.1202108084528732,,,,,,
A_a1.5,A,1,10,0.014915940764391107,0.5366825461387634,0.0,211905.00475037543,39662.757519297964,144009.98448282277,220793.16854211784,0.6055033898551585,0.9452679753303528,True,2,1,1.2577628674380197,inf,,,,,,
A_a1.5,A,1,11,0.012928901365682022,0.4401836097240448,,,2288.668023050734,2854.0151778460104,3830.31252721549,0.0013060668679258924,0.4089514911174774,False,0,0,0.5401668905377965,,,,,,,
A_a1.5,A,1,12,0.011346940587594249,0.37721139192581177,,,14928.75503543819,91859.83067478762,190090.16108226226,0.028743466567771492,0.4131019413471222,False,0,0,1.906833539318725,,,,,,,
A_a1.5,A,1,13,0.010063188817629107,0.3977842628955841,224304.63472113118,,33129.69357921267,149075.8133432658,228526.02174560816,0.10405527944255066,0.5121402144432068,False,1,0,1.3107178407034472,0.8711203333329415,,,,,,
A_a1.5,A,1,14,0.009004479143074047,0.4701169729232788,52424.0747000169,,32626.76209731612,143379.80794640273,232477.13826492205,0.18028854375340586,0.6334812641143799,False,2,0,1.3938530050361948,3.81218700208249,,,,,,
A_a1.5,A,1,15,0.008119209756963888,0.460056334733963,,,0.0,0.0,0.0,0.0,0.40060731768608093,False,0,0,,,,,,,,
A_a1.5,A,1,16,0.007370054103067009,0.473638117313385,,,100.0000000001821,500.0,899.999999999818,0.0002438694308466438,0.3274628221988678,False,0,0,1.5999999999992718,,,,,,,
A_a1.5,A,2,1,0.47168346259628857,0.4723363220691681,880.1802767112871,9031.80771406947,2388.5982736534343,6896.096077246698,10893.019613033894,0.7753314110407095,0.9979856610298157,True,10,9,1.2332225717446639,9.66213577422622,,,,,,
A_a1.5,A,2,2,0.16676528748769345,0.4393109381198883,7881.412683286357,31780.200577358322,10356.89518606291,25256.509845425233,36702.511360276825,0.8061359803160384,0.998589277267456,True,10,9,1.043121806435419,3.3427530358971684,,,,,,
A_a1.5,A,2,3,0.09077552470075399,0.4375096559524536,13695.308405887707,58135.07578923376,17876.632678277365,45909.31519326816,68104.02009325806,0.8083068474347641,0.9997550249099731,True,8,7,1.0940565591870495,3.667488597291288,,,,,,
A_a1.5,A,2,4,0.05896043282453607,0.4088650941848755,31560.4137865281,93441.86388634673,31696.426816789564,73832.67641002621,105557.58524008702,0.8325673299026448,0.9996627569198608,True,5,4,1.0003857643343859,2.3403102038803394,,,,,,
A_a1.5,A,2,5,0.04218865144911123,0.5012773275375366,0.0,90912.05102170327,22632.21489379601,68150.03869200223,109433.85771082132,0.7483013490328752,0.9994001984596252,True,2,2,1.2736844245873031,inf,,,,,,
A_a1.5,A,2,6,0.032093994540835044,0.46428629755973816,19812.31600352059,148523.43601204938,40374.56171320053,114373.46990448936,178433.3449386192,0.7841413056028754,0.9998307228088379,True,4,4,1.2070874770233724,6.968331375336737,,,,,,
A_a1.5,A,2,7,0.025468513052481965,0.42663970589637756,60779.09559136228,223124.89402434023,72065.22143449823,178031.95384094116,259529.64074248073,0.8153302945007601,0.9985910654067993,True,5,4,1.0529818679374185,3.0843568415095715,,,,,,
A_a1.5,A,2,8,0.02084566093596168,0.4038551151752472,280536.2543427729,472292.7739879907,268236.4379585043,397122.97999935807,478512.47448510345,0.7414528979293378,0.9510793089866638,True,2,2,0.5294985360125446,0.749550310419678,,,,,,
A_a1.5,A,2,9,0.017469757873936613,0.5375070571899414,0.0,199741.84894444022,52584.99737560893,152403.52095279188,249332.4957988536,0.709301801058249,0.998637318611145,True,3,1,1.2909642585238479,inf,,,,,,
A_a1.5,A,2,10,0.014915940764391107,0.4864075779914856,23402.105263157893,312854.8776336196,107541.33875957131,251007.93596380332,366137.26065733854,0.7580041967923421,0.9972946047782898,True,2,1,1.0302300638616388,11.050113611140647,,,,,,
A_a1.5,A,2,11,0.012928901365682022,0.4646151661872864,127523.88357063025,395943.3873291709,162291.3220628083,307922.15722111764,436296.9988228964,0.7489579482838167,0.9822551608085632,True,2,1,0.8898537189817286,2.1486616395926146,,,,,,
A_a1.5,A,2,12,0.011346940587594249,0.36584195494651794,289384.4889235954,,150789.20805442528,376129.9212434915,482087.03619534225,0.4236748743084666,0.7466694116592407,False,1,0,0.8808068952494954,1.1448361637253741,,,,,,
A_a1.5,A,2,13,0.010063188817629107,0.43121927976608276,179470.3992657182,,129897.83701081232,357629.1782833927,480978.3338554505,0.3982459532112266,0.7643271684646606,False,2,0,0.9816886265539408,1.9562027960100512,,,,,,
A_a1.5,A,2,14,0.009004479143074047,0.42789027094841003,191800.03336113426,,143551.5790383473,371178.6740555182,482797.5333344688,0.43732016772009086,0.7876612544059753,False,1,0,0.9139694115222244,1.7687481506187537,,,,,,
A_a1.5,A,2,15,0.008119209756963888,0.463148832321167,89195.18035066039,,11732.159678330825,52700.48721727468,105161.8494905549,0.041522023566304966,0.460225373506546,False,0,0,1.772842999098475,1.0474746443128005,,,,,,
A_a1.5,A,2,16,0.007370054103067009,0.38631319999694824,,,186509.10051774554,365645.44985733484,478519.43590268446,0.09518804399964242,0.4943945109844208,False,0,0,0.7986160787694024,,,,,,,
A_a1.5,A,3,1,0.47168346259628857,0.5685155987739563,0.0,6297.571571522711,1324.5714738127776,4551.159659758715,8530.781171893846,0.6759526248608658,0.9995118379592896,True,9,9,1.583378795035091,inf,,,,,,
A_a1.5,A,3,2,0.16676528748769345,0.3785181939601898,17443.959103345653,42875.570227113545,14777.439499135424,33751.82735420119,50242.552979253654,0.8542315542754251,0.9983772039413452,True,9,9,1.0507612849502144,2.033088547732047,,,,,,
A_a1.5,A,3,3,0.09077552470075399,0.47190961241722107,4363.574513292367,45384.36023450957,11280.325583296448,34260.957646072326,54960.551641079845,0.7768438447872716,0.9984103441238403,True,7,5,1.2749271783064386,10.010193689766092,,,,,,
A_a1.5,A,3,4,0.05896043282453607,0.3616461455821991,64509.34371364139,128180.89948231235,54399.37172122541,107389.3820564413,143065.62915493394,0.8666714238446351,0.9986476302146912,True,6,5,0.8256519940407856,1.3744715467467827,,,,,,
A_a1.5,A,3,5,0.04218865144911123,0.442092627286911,62180.58522627051,156017.69144812174,70893.0663103027,130837.46603597216,175630.03886611172,0.8021150262112426,0.9987797141075134,True,4,3,0.8005120836489822,1.6843999163835301,,,,,,
A_a1.5,A,3,6,0.032093994540835044,0.6257504224777222,0.0,67486.64448165498,10106.934716263097,48348.167090928706,100866.63553263822,0.6074011057724995,0.999267578125,True,6,2,1.87721078744687,inf,,,,,,
A_a1.5,A,3,7,0.025468513052481965,0.398658812046051,99964.14833051238,248505.96740787057,86439.0825235977,195272.92123187054,253000.9467577645,0.7446867478967931,0.9505869746208191,True,4,1,0.8529695934460277,1.6662160085980204,,,,,,
A_a1.5,A,3,8,0.02084566093596168,0.46040186285972595,32423.28567259994,219667.41498587158,58530.501324689576,164040.52463577676,239266.56916747591,0.7339313450325831,0.9725745320320129,True,2,1,1.1017769434966092,5.574267508475293,,,,,,
A_a1.5,A,3,9,0.017469757873936613,0.4679262042045593,49413.33976601134,,63463.232923712094,196146.59337372618,263310.36580333795,0.42165606064757455,0.8003817796707153,False,2,0,1.0188661930969602,4.044396388221657,,,,,,
A_a1.5,A,3,10,0.014915940764391107,0.356304794549942,224193.22980282674,,49057.097908964584,187438.93176466553,259421.97507260967,0.18500415554070582,0.5585313439369202,False,1,0,1.1223115453291406,0.9383194905067231,,,,,,
A_a1.5,A,3,11,0.012928901365682022,0.47785913944244385,,,0.0,0.0,0.0,0.0,0.42867785692214966,False,0,0,,,,,,,,
A_a1.5,A,3,12,0.011346940587594249,0.5170498490333557,0.0,,128856.21450842879,208179.3085927249,261099.84828036508,0.26383869197287524,0.7288204431533813,False,1,0,0.6352390862756363,inf,,,,,,
A_a1.5,A,3,13,0.010063188817629107,0.5265331268310547,0.0,,17247.203172537684,88011.77813625844,270300.63494121085,0.0689511307261661,0.5883776545524597,False,1,0,2.8752223523640197,inf,,,,,,
A_a1.5,A,3,14,0.009004479143074047,0.4289599359035492,,,0.0,0.0,0.0,0.0,0.27615886926651,False,0,0,,,,,,,,
A_a1.5,A,3,15,0.008119209756963888,0.40615707635879517,219102.18805440568,,47386.70785557406,166244.64069307048,252688.3402852105,0.11364742420531115,0.5278361439704895,False,2,0,1.2349368471292557,0.9370131546959156,,,,,,
A_a1.5,A,3,16,0.007370054103067009,0.4009980857372284,,,0.0,0.0,0.0,0.0,0.24367043375968933,False,0,0,,,,,,,,
A_a1.5,A,4,1,0.47168346259628857,0.45298177003860474,1799.463691992077,9396.698181679727,2727.1319381104413,7248.827650454279,10995.738028699898,0.7930871128740868,0.9961377382278442,True,10,10,1.1406818439215156,4.595039137153017,,,,,,
A_a1.5,A,4,2,0.16676528748769345,0.4753674268722534,2299.502445198335,24691.60193006073,5959.830056584264,18748.819985069986,29372.589362614213,0.7736413964604942,0.9991876482963562,True,9,8,1.2487590858877486,10.181663148442778,,,,,,
A_a1.5,A,4,3,0.09077552470075399,0.4640882611274719,5893.8214186572495,45490.29399686511,11376.171209068876,34391.10108937604,54486.25595889176,0.7838774049316406,0.9986660480499268,True,9,8,1.2535244113815325,7.314453847100846,,,,,,
A_a1.5,A,4,4,0.05896043282453607,0.3927149772644043,42666.669200191536,103354.88403704019,39757.78002969671,84565.79373896889,116080.45157575812,0.8449506651157321,0.9992103576660156,True,5,5,0.9025241551170002,1.7888125081420414,,,,,,
A_a1.5,A,4,5,0.04218865144911123,0.4800845980644226,8841.483355443803,105051.80979028653,27714.302147352933,79176.8030279698,127213.34917508274,0.768812707548161,0.9995387196540833,True,5,4,1.2566691660003122,11.253659937782622,,,,,,
A_a1.5,A,4,6,0.032093994540835044,0.4108653664588928,63118.23585052165,208319.97549278516,63847.19072546151,167090.58748251564,234436.13658841318,0.8273141042030367,0.9979031085968018,True,7,4,1.0209368967644699,2.702688748572523,,,,,,
A_a1.5,A,4,7,0.025468513052481965,0.5266176462173462,0.0,158348.15167962448,39261.24549279176,120141.55645779592,194805.69596133078,0.7163975893383139,0.9967198371887207,True,6,5,1.2946765054036873,inf,,,,,,
A_a1.5,A,4,8,0.02084566093596168,0.3588562607765198,197020.30357646957,376130.43700248323,161560.00016978252,304195.2112745367,380780.4794751111,0.7756278984039788,0.9510024785995483,True,3,1,0.7206572331853106,1.112679634158834,,,,,,
A_a1.5,A,4,9,0.017469757873936613,0.5046128034591675,0.0,361083.9587722795,196297.91667097833,291975.7068306994,372704.7925674206,0.6593755983040985,0.9560385346412659,True,3,1,0.6041834021442436,inf,,,,,,
A_a1.5,A,4,10,0.014915940764391107,0.4257494807243347,,,14662.841288953405,23124.827225814286,31564.884320619592,0.0042133809255062715,0.31533023715019226,False,0,0,0.730904618945581,,,,,,,
A_a1.5,A,4,11,0.012928901365682022,0.49905839562416077,13625.734923567948,,527.4284481416631,1752.4343589886241,13896.236445115168,0.0014721965210986454,0.3995540738105774,False,0,0,7.628706849076501,0.9811439949451793,,,,,,
A_a1.5,A,4,12,0.011346940587594249,0.3407580554485321,,,24307.447791305327,38455.7580547043,122343.28097850445,0.001953492363457876,0.340732604265213,False,0,0,2.5493148008613074,,,,,,,
A_a1.5,A,4,13,0.010063188817629107,0.4088859260082245,171723.22444798544,,95120.08533832693,290301.7866652699,391276.12175339955,0.3713231058853941,0.7338329553604126,False,1,0,1.0201660823967058,1.7246125989485923,,,,,,
A_a1.5,A,4,14,0.009004479143074047,0.4402661621570587,,,12319.590985617497,36448.22828810203,93747.1993489308,0.02107368165148582,0.28433161973953247,False,0,0,2.23406218046253,,,,,,,
A_a1.5,A,4,15,0.008119209756963888,0.514798104763031,0.0,,2508.4875319099506,23992.969572197595,36912.92151216966,0.013380889763624282,0.4240856468677521,False,0,0,1.4339381324488754,inf,,,,,,
A_a1.5,A,4,16,0.007370054103067009,0.41218870878219604,,,100.00000000009416,500.0,899.9999999999059,0.00047157251362239805,0.2791418433189392,False,0,0,1.5999999999996235,,,,,,,
B_a1.0_rho0.0566,B,0,1,0.2957941917269395,0.5128974914550781,0.0,,944.6496318628194,5148.365352251349,12995.034165365396,0.3906836756525536,0.7958984375,True,17,0,2.3406234229730836,inf,0.20800991404492275,0.9991243998652013,1833.692976967124,8505.360254094681,23374.449883278467,2.5326095853425037
B_a1.0_rho0.0566,B,0,2,0.14789709586346975,0.38674262166023254,5001.327790190836,,1876.757766138709,9958.200321155826,84005.7071925765,0.37335453728060397,0.7231322526931763,True,9,0,8.247368678852332,16.421429042807052,0.27944219550112565,0.9987595057459508,2138.089425075529,11288.862329570773,38479.93629905896,3.219265663182662
B_a1.0_rho0.0566,B,0,3,0.09859806390897982,0.4316404461860657,7040.9593467093755,,4423.173305639668,16357.658635588672,58580.74979221955,0.39987446346145816,0.7656249403953552,True,4,0,3.3108391422689007,7.691789402518091,0.2733607838650618,0.998508045791795,2627.1243005282477,14105.33867390825,48840.226292888525,3.276284466522188
B_a1.0_rho0.0566,B,0,4,0.07394854793173487,0.3888222277164459,10915.595660581022,,3893.805830017043,18204.84261382969,85102.50430119781,0.310053719801096,0.6791413426399231,True,5,0,4.460829472345391,7.439694634755108,0.4572111737370804,0.9982729453912869,1878.8612773256316,12938.74391540268,68444.06139399427,5.1446415936424374
B_a1.0_rho0.0566,B,0,5,0.0591588383453879,0.33057665824890137,25143.1927854922,,3164.739482320964,17083.89382332558,47382.00091139545,0.20874731655108292,0.5639379024505615,True,2,0,2.5882425801957534,1.7586176030352105,0.3912239726738651,0.9980828606292995,2897.8987084174255,20542.130558219746,78848.15711651127,3.697292167082593
B_a1.0_rho0.0566,B,0,6,0.04929903195448991,0.40500983595848083,,,2322.0291308851206,37921.424889864225,176370.8523753461,0.07693241387052296,0.490871399641037,False,0,0,4.589722663374428,,0.4705662820506085,0.9978918029457831,2283.5141607870364,20301.36393670108,99548.27401608533,4.791045574995173
B_a1.0_rho0.0566,B,0,7,0.042256313103848496,0.38839080929756165,10838.670003968613,,2174.588323990731,13371.908715600995,50091.41461066171,0.23136295746746693,0.618229866027832,True,2,0,3.5833946600881634,4.420913845437317,0.5325041586617703,0.9976925264325632,2255.10720246672,20219.860247058325,119454.91645841733,5.796271973393157
B_a1.0_rho0.0566,B,0,8,0.03697427396586744,0.40844327211380005,514578.16377171216,,2456.8498236427117,33443.31646047884,203494.0211315706,0.08711770860778856,0.5039281845092773,False,2,0,6.011280954910697,0.3906834480390352,0.6186094384311919,0.9975632124322028,2145.5833922129054,29072.50806544407,157570.17570065503,5.346101958543496
B_a1.0_rho0.0566,B,0,9,0.03286602130299327,0.49092796444892883,1804.3363565560385,,4004.494069198848,45536.42411145285,244581.3817875572,0.18225095819161563,0.6505852937698364,True,2,0,5.283174786178499,133.332616640032,0.6666940279210826,0.9974253831323554,2584.740407364803,29392.997598431604,193633.47638260564,6.499804429114611
B_a1.0_rho0.0566,B,0,10,0.02957941917269395,0.397798627614975,,,1902.5831694538683,45910.575233690564,177829.39244161057,0.052415439803006336,0.4589671790599823,False,0,0,3.8319452190844325,,0.692148228891772,0.997246231149718,2477.7895584894795,40772.183841467515,225535.75395249194,5.470836815150933
B_a1.0_rho0.0566,B,0,11,0.026890381066085406,0.5312811136245728,0.0,,2195.8848758116346,21099.086770887254,116088.10967255342,0.26946883774023433,0.7427821755409241,True,2,0,5.397969401874374,inf,0.6168674658207293,0.9971271875039639,2472.3702008211662,37366.093184704674,192737.01326399294,5.091906240309172
B_a1.0_rho0.0566,B,0,12,0.024649515977244955,0.5114596486091614,0.0,,963.4168175851805,70370.74915057428,323647.411329705,0.07740409956140226,0.5822241306304932,False,1,0,4.585484713565628,inf,0.6972251270085866,0.9969970139925435,1817.6758304752939,49880.821801601465,253245.9868887723,5.040580767861862
B_a1.0_rho0.0566,B,0,13,0.02275339936361073,0.5637015104293823,0.0,,865.2594658213711,88729.30717084707,381532.1324571306,0.04953253118360479,0.6060392260551453,False,2,0,4.290204500958633,inf,0.8984009131325045,0.9968678978749979,,,,
B_a1.0_rho0.0566,B,0,14,0.021128156551924248,0.45746910572052,6804.43518730988,,2728.0895771234013,31089.48532501929,172546.78345535803,0.20477418699759653,0.6434681415557861,True,1,0,5.46225491039483,24.957059506561645,0.725792706843273,0.9967780808948344,2328.159935069321,57730.14289306535,302428.65507173963,5.198332796309758
B_a1.0_rho0.0566,B,0,15,0.019719612781795966,0.534636378288269,0.0,,25243.118246814116,67591.48705428878,275443.9523600548,0.037437231525490944,0.5685712695121765,False,2,0,3.7016619254475347,inf,1.0601945311664702,0.9966274328952374,,,,
B_a1.0_rho0.0566,B,0,16,0.01848713698293372,0.4739353358745575,3489.6594862973534,,2392.98396398504,16963.94982181797,111068.26114511173,0.17856676018122908,0.6349592804908752,True,1,0,6.4062484458280675,31.14208638632385,0.7218769269744169,0.9965070734394331,2775.0370348344463,66930.78037036139,329962.6136810137,4.888447061810533
B_a1.0_rho0.0566,B,1,1,0.2957941917269395,0.475471556186676,622.0489937329379,,1220.5748122790797,5867.505815548466,14384.864982851568,0.48224214157380274,0.8302295207977295,True,11,0,2.2435921811424664,21.162786698798627,0.1738093689913949,0.9991131885269072,2239.4679718441903,9340.564321965185,24269.367230353317,2.35851908933423
B_a1.0_rho0.0566,B,1,2,0.14789709586346975,0.48026731610298157,781.0558401742078,,1481.0594659414808,7725.046460811176,19441.639719370443,0.36491685468095536,0.7653418779373169,True,8,0,2.324980224331621,22.99525761106019,0.2627523320299437,0.9987760737234821,2237.651246359324,11424.793422427274,38483.584124975685,3.1725679002181617
B_a1.0_rho0.0566,B,1,3,0.09859806390897982,0.4570387303829193,2754.415980137682,,1562.6279750905292,10628.758476176483,67848.01905040423,0.2425367405689718,0.6718757748603821,True,6,0,6.236418978179543,24.065134516101804,0.3852412629231945,0.9985037807289241,1866.7405790238954,11695.530937723941,55145.232963841314,4.555457351061132
B_a1.0_rho0.0566,B,1,4,0.07394854793173487,0.43068763613700867,10029.759396551364,,4589.700900452594,32222.13752198377,163400.45892699045,0.3364395186824991,0.7224481701850891,True,4,0,4.928622687374112,15.833954908344403,0.34944337921156443,0.998267833904469,2456.407091215069,15528.628830650288,55816.509768697746,3.436240460082407
B_a1.0_rho0.0566,B,1,5,0.0591588383453879,0.3603164553642273,18642.578764840775,,1843.5972025998904,12319.094106744644,77528.68640683878,0.19261679962409062,0.567834734916687,True,4,0,6.143721977316633,4.05979720718564,0.3281153073430274,0.998058282086696,2597.250380290434,16132.90483751859,68891.06983299626,4.10923018020495
B_a1.0_rho0.0566,B,1,6,0.04929903195448991,0.44855809211730957,5588.732128533006,,1265.3479067879616,7916.96443257576,24071.279592226998,0.1320879406194564,0.5773045420646667,True,2,0,2.8806409173192655,4.080698655962491,0.47686709757044776,0.9978729175466373,2077.6544476820977,15605.886830451374,98700.58391005867,6.19144112168228
B_a1.0_rho0.0566,B,1,7,0.042256313103848496,0.3639211654663086,21026.230192551877,,2379.85772408643,15841.77114255566,142633.25270526294,0.20013448106307408,0.5766854286193848,True,2,0,8.853391058302478,6.670401384212871,0.49020944439853836,0.9977059798857976,2330.68064050398,18435.328971994128,110156.75495677187,5.848882571071607
B_a1.0_rho0.0566,B,1,8,0.03697427396586744,0.6232587695121765,0.0,,392.8592034909054,1938.9522997171152,6007.045378541861,0.009805020436601808,0.6201924085617065,False,4,0,2.895474105201062,inf,0.9498400975283322,0.9975569964230615,,,,
B_a1.0_rho0.0566,B,1,9,0.03286602130299327,0.4607968032360077,78820.30911454571,,1599.9973955492314,52816.30128559127,273378.2534550872,0.05834171076621342,0.520264744758606,False,1,0,5.145726782153172,3.448073968659218,0.7344676539469024,0.9974235014516288,1697.2768146525254,48138.46394704298,248694.2256576807,5.1309686390232345
B_a1.0_rho0.0566,B,1,10,0.02957941917269395,0.4031596779823303,53069.40891342399,,2734.8369682857465,33327.41928095701,161568.2307618223,0.13284008273837955,0.5434867143630981,True,2,0,4.765847377936417,2.9929369300617816,0.5032620497755641,0.9972927206090031,3358.9246675351915,30135.91237883273,142221.92821723584,4.607891136796545
B_a1.0_rho0.0566,B,1,11,0.026890381066085406,0.47000738978385925,,,272.9587126304977,269777.3273608017,990198.2155155204,0.006414464471902193,0.4767792820930481,False,0,0,3.669416056891091,,0.723939713527295,0.9971260851409631,2558.6660177174917,51641.685361114025,265654.9593589785,5.094649632395061
B_a1.0_rho0.0566,B,1,12,0.024649515977244955,0.49720126390457153,1054.2334266115251,,1711.7433475189334,79287.98282646129,376961.3723728901,0.04377153655529398,0.5394262075424194,False,1,0,4.732742789619017,355.9454856515824,0.7763285639970481,0.9970170165079411,2350.6729839124714,69943.88454425076,343166.81036491884,4.872708166006785
B_a1.0_rho0.0566,B,1,13,0.02275339936361073,0.49102145433425903,34705.4656755575,,27173.955833126958,64691.02733753744,273533.4229196912,0.04919039830864946,0.538783073425293,False,1,0,3.8082478703134206,7.098578344680482,0.9224022732273146,0.9968721262782946,,,,
B_a1.0_rho0.0566,B,1,14,0.021128156551924248,0.49002328515052795,1769.1616810550029,,2310.375788392085,46678.19769903453,229432.08526851746,0.12919819155248202,0.6077178716659546,True,2,0,4.86569149358616,128.3781532870902,0.7651604918527165,0.9967691608444862,2724.4913554132686,76674.00042588699,358704.6064814202,4.642774775656801
B_a1.0_rho0.0566,B,1,15,0.019719612781795966,0.5008594393730164,0.0,,2795.0639947878085,62656.246544240195,315139.91475072247,0.09275698348526973,0.5861883759498596,False,1,0,4.985055249605398,inf,1.1101136576069575,0.9966265244616553,,,,
B_a1.0_rho0.0566,B,1,16,0.01848713698293372,0.2943245768547058,,,10368.26827882954,39656.6151023352,148145.00609623693,0.13692155064452027,0.47280895709991455,True,0,0,3.4742435142754866,,0.4602125340847498,0.9965429689714069,3885.8076022413425,40028.39284660754,166276.0982520551,4.056877608654142
B_a1.0_rho0.0566,B,2,1,0.2957941917269395,0.3564634919166565,4981.511460055359,,1940.498378057131,8341.893027918393,26634.391013574037,0.4284109256688531,0.7453033924102783,True,15,0,2.9602264801133433,4.957108466682618,0.18137358218054647,0.9991463011380567,2034.6411847762088,8812.731141009695,24315.078445565494,2.5282102567623053
B_a1.0_rho0.0566,B,2,2,0.14789709586346975,0.38950154185295105,5577.907040032867,,1906.12416657087,10657.927714653399,59094.95236045941,0.3415686944794194,0.702335000038147,True,7,0,5.365848758315429,10.25273956404113,0.2640353307453568,0.998759792487522,2070.312597827987,10715.654664376585,36067.522022801066,3.172667512139443
B_a1.0_rho0.0566,B,2,3,0.09859806390897982,0.3634300231933594,7518.0181521873255,,2116.9341451833225,11807.347041835003,37753.54838380633,0.3431160542045042,0.68934565782547,True,6,0,3.018172847156752,4.740160706881871,0.23679715360354073,0.998515508052974,2976.9815197063754,16076.30478908694,52880.79800621715,3.104184521332721
B_a1.0_rho0.0566,B,2,4,0.07394854793173487,0.3802812993526459,10789.017441456466,,2013.7147296125504,12814.120132748383,45056.7153736169,0.2388053918431643,0.6191981434822083,True,3,0,3.359028961653136,3.989519979698332,0.3851445760080341,0.9982618407335636,1988.4201292313344,13423.989334084052,61994.77631080132,4.470083720136116
B_a1.0_rho0.0566,B,2,5,0.0591588383453879,0.4274164140224457,6118.163049932773,,3404.110231959152,20463.95934620313,111218.20948498175,0.3907627382507348,0.75726318359375,True,3,0,5.268486778587467,17.621972211774786,0.4337974512131543,0.9980818780653894,2304.200173994226,17782.98566927601,78161.32434115178,4.265713619632349
B_a1.0_rho0.0566,B,2,6,0.04929903195448991,0.3511050045490265,83245.61641973631,,5340.121200901566,25079.699592868004,128579.08194482552,0.15008883529873085,0.5228366255760193,True,1,0,4.913893018837029,1.4804258295420083,0.571840603191259,0.9978848639756623,1894.9079205825979,17452.302759302525,122656.41538494441,6.919517104984489
B_a1.0_rho0.0566,B,2,7,0.042256313103848496,0.41819122433662415,13989.812446939828,,6042.574429561613,21092.850090506407,80449.93554970692,0.2217990041191511,0.6298216581344604,True,3,0,3.5276105789816903,5.318681819527994,0.5910978185416449,0.9977210834238328,2381.1404207692153,26133.015478964262,140216.07484332664,5.274360111006228
B_a1.0_rho0.0566,B,2,8,0.03697427396586744,0.4668963551521301,21053.155484770057,,3272.956028858141,38206.62405846006,194427.78120043816,0.11325985547830442,0.5755450129508972,True,2,0,5.003185439234136,9.07962824432006,0.6594614758928119,0.9975777347353373,2021.0082644794684,28552.134329105527,176547.91798987566,6.112569649389981
B_a1.0_rho0.0566,B,2,9,0.03286602130299327,0.3665602207183838,20475.291293619495,,3176.71109530719,21002.19584654925,104158.28063307334,0.23548844329752683,0.6081509590148926,True,2,0,4.808143409173944,4.931874623402012,0.5245751314057165,0.9973754869077218,2627.042293828996,26182.331317686905,140327.28795638078,5.25928130660891
B_a1.0_rho0.0566,B,2,10,0.02957941917269395,0.5606247186660767,0.0,,0.0,0.0,0.0,0.0,0.5328629612922668,False,2,0,,,0.8827416285194326,0.9972776691570946,,,,
B_a1.0_rho0.0566,B,2,11,0.026890381066085406,0.5091474056243896,0.0,,1538.4153317036462,149180.8659429403,633063.0995840958,0.03525862568949378,0.5426652431488037,False,2,0,4.233282065100373,inf,0.9466421010645044,0.9971242970754047,,,,
B_a1.0_rho0.0566,B,2,12,0.024649515977244955,0.4801940321922302,,,438846.6375883689,696807.2853827266,1807752.8772158169,0.003902064669034644,0.4842395484447479,False,0,0,1.9645406532676621,,0.7487348873593506,0.9970031512920358,37682.63369010114,71262.46000962616,304150.7608733453,3.73924962942971
B_a1.0_rho0.0566,B,2,13,0.02275339936361073,0.452345609664917,21142.63922357571,,11215.210143434877,37201.777922476635,206767.37875023557,0.15210259901730083,0.5972545742988586,True,2,0,5.256527497538005,9.24918438700617,0.8705192060272192,0.9968555343069824,,,,
B_a1.0_rho0.0566,B,2,14,0.021128156551924248,0.4846869707107544,,,227487.47965464756,377801.96988747176,1224831.9709631114,0.011748239631089952,0.4966496527194977,False,0,0,2.639860484595998,,1.1334231914952875,0.9967457607595624,,,,
B_a1.0_rho0.0566,B,2,15,0.019719612781795966,0.4504159688949585,65322.99323728315,,1859.5841699710918,50371.457813747846,227668.0138279526,0.07813429590986587,0.5300957560539246,False,1,0,4.482864690812101,3.4567985707228917,0.7653488832932688,0.9966253060465222,1911.1443210895263,74159.79000027185,363084.7341932281,4.870207829213306
B_a1.0_rho0.0566,B,2,16,0.01848713698293372,0.5097750425338745,0.0,,91102.2115402758,159711.25194843474,619135.8382962563,0.022451921515500572,0.5313308835029602,False,1,0,3.306176742803721,inf,0.8758379026808176,0.9965148310338442,,,,
B_a1.0_rho0.1,B,0,1,0.2957941917269395,0.5128974914550781,0.0,,384.61816128144534,2179.4071446706434,5732.654240627912,0.28432845104532944,0.7304731607437134,True,6,0,2.4538949009248445,inf,0.36750868205816745,1.1622387771732572,472.59404801586396,2455.331447934106,5044.741794330077,1.862130569036281
B_a1.0_rho0.1,B,0,2,0.14789709586346975,0.38674262166023254,2908.4673146282557,,643.0137280666273,3518.931336463138,9201.026974457607,0.23309759290084653,0.6135326623916626,True,4,0,2.431992110136653,2.942447798312225,0.4937141263270772,1.234530642513648,493.4672205465969,2557.488011875969,5301.015726890679,1.8797931736218183
B_a1.0_rho0.1,B,0,3,0.09859806390897982,0.4316404461860657,4059.0286196730567,,1524.207431217068,6936.289790874963,21331.164275824678,0.25674083299307426,0.6635815501213074,True,3,0,2.85555497849364,4.879728304601854,0.48296958280046265,1.277418959123655,557.5684008525322,2849.1682937406513,5783.620517835676,1.8342377768502751
B_a1.0_rho0.1,B,0,4,0.07394854793173487,0.3888222277164459,8544.154525913542,,1166.3782635104667,6226.64006190057,24742.981335125234,0.15604298015889295,0.5490248203277588,True,1,0,3.7864085344959597,2.7593839741672928,0.8077935931750538,1.309827923549917,,,,
B_a1.0_rho0.1,B,0,5,0.0591588383453879,0.33057665824890137,15790.452395824039,,1106.9998727484058,6243.487464963867,17051.17835716431,0.1609545598585811,0.5135498642921448,True,1,0,2.5537295580216526,1.0097353821624846,0.6912084322859808,1.3477671177698518,456.5676469093185,2586.9438484823822,5099.1681401143815,1.7946274697568798
B_a1.0_rho0.1,B,0,6,0.04929903195448991,0.40500983595848083,,,606.6095943524525,14479.558124660267,34837.121234735496,0.028701387102723963,0.4362844228744507,False,0,0,2.3640577527075735,,0.8313891909021353,1.3886837693886727,,,,
B_a1.0_rho0.1,B,0,7,0.042256313103848496,0.38839080929756165,5960.304189595639,,882.0626786633011,5228.016563610075,19822.993494975803,0.18163122334031723,0.5718873143196106,True,1,0,3.622966872016435,3.1778463336445077,0.9408200683070147,1.4235945039224849,,,,
B_a1.0_rho0.1,B,0,8,0.03697427396586744,0.40844327211380005,,,769.168101297267,6427.535891949226,27084.39820633635,0.04310159522091794,0.4516676068305969,False,0,0,4.094139736815795,,1.0929495378642968,1.440247707550791,,,,
B_a1.0_rho0.1,B,0,9,0.03286602130299327,0.49092796444892883,1191.8634029401742,,838.8255174607665,7036.278533713372,30208.171493604306,0.06725296786813129,0.5508401989936829,False,2,0,4.173988541730449,24.641536860426395,1.1779046429701105,1.4742450780116099,,,,
B_a1.0_rho0.1,B,0,10,0.02957941917269395,0.397798627614975,,,340.5276492440766,18027.258880040852,194636.26007202774,0.027555295183240958,0.4273121654987335,False,0,0,10.777885518574378,,1.2228767294907632,1.5099494904140205,,,,
B_a1.0_rho0.1,B,0,11,0.026890381066085406,0.5312811136245728,0.0,,720.6178647249452,5882.627113296471,25551.79868365294,0.19466903718195638,0.6873749494552612,True,1,0,4.221103996682403,inf,1.0898718477398046,1.5289261000130863,,,,
B_a1.0_rho0.1,B,0,12,0.024649515977244955,0.5114596486091614,0.0,,166.24085781599229,831.2042890799537,1877.3737382274307,0.023704560822551457,0.5274221301078796,False,1,0,2.058618925445468,inf,1.2318465141494463,1.548760226980547,,,,
B_a1.0_rho0.1,B,0,13,0.02275339936361073,0.5637015104293823,0.0,,266.8212820172763,1487.8488950689905,73849.80849575043,0.023284692502176796,0.5803348422050476,False,1,0,49.455954470646134,inf,1.5872807652517749,1.5813566712767737,,,,
B_a1.0_rho0.1,B,0,14,0.021128156551924248,0.45746910572052,3251.523161850538,,938.7704237597836,6782.62277852758,25459.741329461987,0.12231866118644064,0.5725651979446411,True,1,0,3.6152638450321417,7.541379742700832,1.2823192700411186,1.6056079269001111,,,,
B_a1.0_rho0.1,B,0,15,0.019719612781795966,0.534636378288269,0.0,,58846.96091886738,1241513.184360397,1924650.2003529128,0.0018019675125238166,0.5322041511535645,False,1,0,1.5028460937330037,inf,1.873135214075036,1.616076544800683,,,,
B_a1.0_rho0.1,B,0,16,0.01848713698293372,0.4739353358745575,1385.7527263432921,,695.5117631020386,4284.139145180595,15635.12638568152,0.13180163116168142,0.5930570363998413,True,1,0,3.4871917359140103,10.780866123209412,1.2754009310502066,1.6368302388785134,,,,
B_a1.0_rho0.1,B,1,1,0.2957941917269395,0.475471556186676,349.4313405486371,,484.0097009858195,2572.355999011406,6356.423358548611,0.34693397203398035,0.744944155216217,True,8,0,2.2828930598329493,16.805629536098852,0.3070836907975175,1.1624562287854963,617.450432507269,2910.5720004091627,5758.717145198261,1.7664111081836293
B_a1.0_rho0.1,B,1,2,0.14789709586346975,0.48026731610298157,398.80416392362406,,562.0303172206613,3068.000327725494,8044.622108607603,0.28087541410390227,0.7060173153877258,True,2,0,2.4389149257145837,18.762571879314557,0.46422673503523626,1.2250090963857558,499.83745494437443,2632.8957105401155,5492.696275700405,1.8963374814917335
B_a1.0_rho0.1,B,1,3,0.09859806390897982,0.4570387303829193,1702.07139260849,,557.9087353768531,3470.773804813836,13253.633583769057,0.13908497096648542,0.5870394110679626,True,4,0,3.657894625914169,7.4589849189201844,0.6806382737158914,1.278069561904367,316.13674545743726,1643.6949591847388,3400.5154552724043,1.8764909465590849
B_a1.0_rho0.1,B,1,4,0.07394854793173487,0.43068763613700867,8194.349847125208,,952.5932843146655,7025.915379910394,38823.75872403627,0.11402716158045134,0.5441779494285583,True,3,0,5.390210868182218,4.621619304307321,0.6173911293490538,1.31991907065642,455.1498943787702,2432.513659576179,4881.6747038602,1.819732765756666
B_a1.0_rho0.1,B,1,5,0.0591588383453879,0.3603164553642273,11798.708068059124,,638.6164612227786,4111.553780339646,17380.417443738348,0.1480329443005779,0.5248847007751465,True,1,0,4.07189152251161,1.4189520484736917,0.5797090235742535,1.3601729907567375,435.65079050965215,2312.7365851513537,4712.649484960168,1.849323750015661
B_a1.0_rho0.1,B,1,6,0.04929903195448991,0.44855809211730957,2824.6175970715126,,491.5059113384247,3293.705439283008,13452.208316153692,0.10706158580433112,0.5524465441703796,True,2,0,3.9349913475069656,4.588480372795445,0.8425213737993777,1.39452148479613,,,,
B_a1.0_rho0.1,B,1,7,0.042256313103848496,0.3639211654663086,14813.54051054384,,772.9688608371658,4899.330900772511,19643.327269916794,0.1362357548794222,0.5131606459617615,True,1,0,3.8516194948384093,1.2738587642601893,0.8660944247324,1.415841741344458,,,,
B_a1.0_rho0.1,B,1,8,0.03697427396586744,0.6232587695121765,0.0,,0.0,0.0,0.0,0.0,0.5982189178466797,False,2,0,,,1.6781627164811526,1.4554263734532338,,,,
B_a1.0_rho0.1,B,1,9,0.03286602130299327,0.4607968032360077,,,526.1673833930961,14197.043284156056,56842.72945299371,0.025260679805426456,0.48452702164649963,False,0,0,3.9667810361929425,,1.2976460317083083,1.4780251042458046,,,,
B_a1.0_rho0.1,B,1,10,0.02957941917269395,0.4031596779823303,16146.044700685112,,1056.1268037239865,6439.760974858372,24275.30565379568,0.10720594329695743,0.5152323246002197,True,1,0,3.605596378611296,1.4380722511617012,0.889155564974495,1.506541192181627,,,,
B_a1.0_rho0.1,B,1,11,0.026890381066085406,0.47000738978385925,,,138.76597867800245,693.829893390067,18370.919301105863,0.005615245859054596,0.47003084421157837,False,0,0,26.277555199222085,,1.2790454302602385,1.5310395472429732,,,,
B_a1.0_rho0.1,B,1,12,0.024649515977244955,0.49720126390457153,526.2479546320578,,678.1156968705316,10382.3600773494,30929.665535110355,0.03605405016881491,0.5278546810150146,False,1,0,2.91374500719137,57.48535376140532,1.3716052367439013,1.54787432076171,,,,
B_a1.0_rho0.1,B,1,13,0.02275339936361073,0.49102145433425903,,,20814.95482230836,29510.034789906033,740628.4313621459,0.005796901074120342,0.4913114905357361,False,0,0,24.392159537068768,,1.6296859951012626,1.569872895717937,,,,
B_a1.0_rho0.1,B,1,14,0.021128156551924248,0.49002328515052795,931.0222073894845,,930.8070108103635,7696.663700092871,30923.670183071372,0.09882269653872466,0.5758301615715027,False,1,0,3.896865491459514,32.21498148401714,1.351873660517167,1.5849037053917288,,,,
B_a1.0_rho0.1,B,1,15,0.019719612781795966,0.5008594393730164,0.0,,914.1222202527372,10599.988463802738,59930.77507696995,0.0379493524775647,0.5327399969100952,False,1,0,5.567614819416986,inf,1.9613315505423279,1.6202091383376953,,,,
B_a1.0_rho0.1,B,1,16,0.01848713698293372,0.2943245768547058,,,1869.6258735870701,10502.119539159434,25798.758820827195,0.13293328460704856,0.4650067985057831,True,0,0,2.278505101566894,,0.8130963499730564,1.6304819804801478,,,,
B_a1.0_rho0.1,B,2,1,0.2957941917269395,0.3564634919166565,2927.0252781697363,,701.1593048921831,2968.015570820219,6909.3905519433665,0.24983451322688666,0.6053252220153809,True,9,0,2.091711144674191,2.121003632374907,0.3204480250539691,1.1605654586911929,536.8061417546438,2578.304389574594,5204.4325962880275,1.8103473249345534
B_a1.0_rho0.1,B,2,2,0.14789709586346975,0.38950154185295105,3878.809002041839,,586.1996285231809,3765.2016210101656,21717.73084998407,0.19220311043145255,0.5825360417366028,True,5,0,5.612323946623478,5.447943224411686,0.4664935172179449,1.2296888797689485,453.60277047702454,2427.9201457390627,4964.989114738089,1.8581279751636108
B_a1.0_rho0.1,B,2,3,0.09859806390897982,0.3634300231933594,3897.217074106822,,772.352674612612,4343.559245650271,12916.953045938035,0.25809790271523525,0.6191266179084778,True,1,0,2.7960020076823575,3.1162237412984664,0.4183695293348777,1.2678263974091768,602.0082926390046,3389.589351554409,6785.416402559366,1.8242351708724698
B_a1.0_rho0.1,B,2,4,0.07394854793173487,0.3802812993526459,6015.647641970011,,689.5997363345549,4563.222409275835,14580.306896542912,0.17120786494681806,0.5560944080352783,True,2,0,3.044056571069644,2.309095875778292,0.6804674487774455,1.3209583534262366,310.86876053797135,1645.1731501867112,3434.966018869694,1.8989473892016582
B_a1.0_rho0.1,B,2,5,0.0591588383453879,0.4274164140224457,4114.545023037326,,997.4355554503371,6909.910727276343,25453.6056647264,0.22782458466343325,0.6358914375305176,True,2,0,3.5392888670380653,5.943833394055973,0.7664265922493894,1.3609228412011478,280.1604283837788,1518.0068353887204,3206.8137180007443,1.9279579125660056
B_a1.0_rho0.1,B,2,6,0.04929903195448991,0.3511050045490265,,,2101.417343541379,6772.348144617361,21779.941611703936,0.08585857601048019,0.45237281918525696,False,0,0,2.9057165768719346,,1.0103190869103518,1.388296657452124,,,,
B_a1.0_rho0.1,B,2,7,0.042256313103848496,0.41819122433662415,7314.1085846867745,,2128.004511029203,7283.570810185008,21026.40264690539,0.14976819206451264,0.5661419630050659,True,1,0,2.5946611392106664,2.5838279425387434,1.0443424355859452,1.4206918688655028,,,,
B_a1.0_rho0.1,B,2,8,0.03697427396586744,0.4668963551521301,4890.264387269351,,704.0410236927002,3555.514678341327,30211.731320849507,0.05132758351976463,0.5119127631187439,False,2,0,8.299133308858213,6.033966256297536,1.1651262824961341,1.4449228292186544,,,,
B_a1.0_rho0.1,B,2,9,0.03286602130299327,0.3665602207183838,10441.277425198039,,872.1686919814205,5498.464526300378,18398.99514484651,0.1563992430656782,0.5336900949478149,True,1,0,3.1875856194089067,1.678609401812026,0.9268111862291813,1.4767887798807044,,,,
B_a1.0_rho0.1,B,2,10,0.02957941917269395,0.5606247186660767,0.0,,0.0,0.0,0.0,0.0,0.5032459497451782,False,1,0,,,1.559614184663309,1.5116634183527886,,,,
B_a1.0_rho0.1,B,2,11,0.026890381066085406,0.5091474056243896,0.0,,0.0,0.0,0.0,0.0,0.46799036860466003,False,0,0,,,1.672512546050361,1.5331223293370886,,,,
B_a1.0_rho0.1,B,2,12,0.024649515977244955,0.4801940321922302,,,0.0,0.0,0.0,0.0,0.4697173833847046,False,0,0,,,1.3228531578787115,1.5545105515912423,,,,
B_a1.0_rho0.1,B,2,13,0.02275339936361073,0.452345609664917,21062.280830411073,,6106.710396472599,11982.893129687633,35371.194194285315,0.05620358844669582,0.5070014595985413,False,1,0,2.4421884999800194,1.3894261515855766,1.538019798634663,1.5799472473944085,,,,
B_a1.0_rho0.1,B,2,14,0.021128156551924248,0.4846869707107544,,,0.0,0.0,0.0,0.0,0.4188847839832306,False,0,0,,,2.002514472606515,1.5888004380012304,,,,
B_a1.0_rho0.1,B,2,15,0.019719612781795966,0.4504159688949585,15703.850775902607,,644.154787942039,7514.230939811892,49133.069934773746,0.06397257733975437,0.5105766654014587,False,1,0,6.45294449095619,3.0877086033724566,1.3522065075852807,1.6196100953730732,,,,
B_a1.0_rho0.1,B,2,16,0.01848713698293372,0.5097750425338745,0.0,,10984.103864817671,17333.0507032709,139621.79048765436,0.01959517190922,0.5248318314552307,False,1,0,7.421526009761318,inf,1.5474167891887238,1.6409171827866633,,,,
B_a1.5_rho0.0496,B,0,1,0.47168346259628857,0.4160224497318268,1946.3822904007593,,1482.1733595138303,6743.443652190307,15496.555378250703,0.5802680461902616,0.8640316724777222,True,23,0,2.0782233442678693,7.200220680106639,0.11403573640341841,0.9994274361054296,2756.8966676814007,10678.396742518244,26181.497789708883,2.193644016686287
B_a1.5_rho0.0496,B,0,2,0.16676528748769345,0.4692191183567047,1316.7102133560738,,1943.3727524949877,9931.856960570807,27409.614377250593,0.43756581009301154,0.811007022857666,True,14,0,2.5640966967059504,19.340809668246152,0.24943403291836191,0.9990648473135193,2624.986519215585,13327.800164853998,41326.27644869032,2.903801786549273
B_a1.5_rho0.0496,B,0,3,0.09077552470075399,0.3932177722454071,7485.729096140826,,2643.2905912239694,13837.287504022146,41667.23105164186,0.32968300650178417,0.695917010307312,True,8,0,2.8202016073652167,5.213111503131497,0.2996176186949427,0.9987017645711674,3042.022761165325,17858.22554180948,53383.869169235266,2.8189724835880345
B_a1.5_rho0.0496,B,0,4,0.05896043282453607,0.3648515045642853,25734.148902177385,,4548.07474718085,28822.473256963574,117443.80502372539,0.250272374375057,0.6191840171813965,True,5,0,3.9169341669618407,4.387000739977546,0.2981772108033898,0.9984216794904575,3642.579616536805,22347.80580565711,75819.9504940562,3.229729643491374
B_a1.5_rho0.0496,B,0,5,0.04218865144911123,0.36128121614456177,30475.257056245136,,6221.707090915601,26447.796858825506,117837.3470522216,0.21570272535765866,0.5884104371070862,True,2,0,4.2202244881527955,3.662500360712566,0.4827724723635719,0.9980899453881994,2850.9147553778894,25303.801295771224,109751.45621377631,4.224683090451855
B_a1.5_rho0.0496,B,0,6,0.032093994540835044,0.41140276193618774,9828.914842401304,,3616.1179378193465,24862.627391914702,104051.50202464382,0.3225462515807713,0.7012823820114136,True,2,0,4.039612648480021,10.218359371021581,0.4908861695395461,0.9978493028148637,3097.699521662646,30597.11014078892,137462.09560580377,4.391408059972969
B_a1.5_rho0.0496,B,0,7,0.025468513052481965,0.5002782344818115,0.0,,2181.5113318805015,17217.40857698143,83439.96343275569,0.22086124254645156,0.6863955855369568,True,2,0,4.719551826719877,inf,0.4376299739097736,0.9975291826148794,3084.148870684617,31753.284339160156,142160.99458930732,4.37992001813508
B_a1.5_rho0.0496,B,0,8,0.02084566093596168,0.4723871946334839,11396.827181137325,,3919.972256875263,26362.492721503586,155263.80938185862,0.10236563029455681,0.5705380439758301,True,2,0,5.74087734129686,13.279471094856092,0.7771351239167831,0.9973021728145196,2867.6724541238273,81051.62368314383,405457.69570465555,4.967081533423465
B_a1.5_rho0.0496,B,0,9,0.017469757873936613,0.4092187285423279,,,56655.84774222048,103935.49623497322,436190.5711225225,0.047514770583926946,0.4636525511741638,False,0,0,3.651637189687968,,1.0173871624542152,0.997045369507824,,,,
B_a1.5_rho0.0496,B,0,10,0.014915940764391107,0.45853376388549805,,,2162.951831522111,138049.17360616903,578328.4274998906,0.03740918905175139,0.497647762298584,False,0,0,4.173624952743804,,1.016688082676395,0.9967982266569423,,,,
B_a1.5_rho0.0496,B,0,11,0.012928901365682022,0.49227654933929443,,,0.0,0.0,0.0,0.0,0.4470856785774231,False,0,0,,,0.8991963810073753,0.9965599607917278,,,,
B_a1.5_rho0.0496,B,0,12,0.011346940587594249,0.4708276689052582,,,0.0,0.0,0.0,0.0,0.44986191391944885,False,0,0,,,1.248868323872721,0.9963237895556099,,,,
B_a1.5_rho0.0496,B,0,13,0.010063188817629107,0.43852224946022034,,,1561.658764322463,97347.93625906257,507186.51459742687,0.04697274049855338,0.4891543686389923,False,0,0,5.193996660468839,,1.085788060839673,0.9961188008919952,,,,
B_a1.5_rho0.0496,B,0,14,0.009004479143074047,0.3951982259750366,,,58036.14924878373,122471.16087726723,551087.2997323748,0.05987754381460153,0.46481969952583313,False,0,0,4.0258551233763145,,1.0749935456650213,0.9958957635145671,,,,
B_a1.5_rho0.0496,B,0,15,0.008119209756963888,0.48893287777900696,4020.7621821556068,,292.34735271390855,1812.7666795726723,4429.82654460253,0.01321420877518431,0.49347901344299316,False,0,0,2.282411321055371,1.0290285782757835,1.1631370568681103,0.9956448017524139,,,,
B_a1.5_rho0.0496,B,0,16,0.007370054103067009,0.39507901668548584,,,42590.13028733013,108707.82344320402,485556.48773890233,0.06345038522733493,0.46854710578918457,False,0,0,4.074834206233615,,0.92037652667774,0.9954294142920551,,,,
B_a1.5_rho0.0496,B,1,1,0.47168346259628857,0.42547735571861267,1870.4923970342954,,1538.2660710448847,7203.244421492292,25760.61447385904,0.5650732070000322,0.8637732267379761,True,23,0,3.3626997760262074,12.949717647192362,0.15928299255311085,0.9994378551366102,2154.7610704367185,8936.20357019954,22133.778931660658,2.23573889116067
B_a1.5_rho0.0496,B,1,2,0.16676528748769345,0.3822767436504364,4579.847433109835,368742.1052631593,3105.6105762427333,13480.340060866438,47571.27914516958,0.6741178400154402,0.9056761264801025,True,8,1,3.2985568886360017,9.708984680900933,0.1442338634205244,0.9990552164589815,4077.4099061465895,16518.90994226166,40781.22377447487,2.2219271124195643
B_a1.5_rho0.0496,B,1,3,0.09077552470075399,0.4214264750480652,5548.32242245116,,2898.8796163820825,15533.596176072651,47573.42197596594,0.3808251671620404,0.7472768425941467,True,7,0,2.8759948342418475,8.051900909509033,0.3015822154920518,0.9987121310798514,2766.3012683075835,15587.64926644709,51140.293710090875,3.103353919176886
B_a1.5_rho0.0496,B,1,4,0.05896043282453607,0.4231906831264496,20673.586654309547,,1881.2637510404406,38679.31141190237,160177.11163843627,0.18521716457937654,0.6035778522491455,True,5,0,4.092519802167035,7.656912684495315,0.38677368920784716,0.998420974177101,2606.17908916301,19669.941819098676,71304.72199774458,3.4925646217152613
B_a1.5_rho0.0496,B,1,5,0.04218865144911123,0.47877010703086853,4768.149336148443,,4362.81389318852,29829.02835012333,156243.78903037787,0.18412686602685024,0.64291912317276,True,4,0,5.091717147285536,31.853233703429662,0.4767846246553009,0.9981177445949512,3454.0998171565875,30251.215796670804,105509.67415433619,3.3736024040531616
B_a1.5_rho0.0496,B,1,6,0.032093994540835044,0.544606626033783,0.0,,2823.326829518106,19441.446011180517,87260.60993497967,0.23587306198632518,0.7297002077102661,True,1,0,4.343158582797947,inf,0.7145960971211975,0.9978102141789168,2663.7002443003385,44824.95788084616,242136.95913899687,5.342409010874368
B_a1.5_rho0.0496,B,1,7,0.025468513052481965,0.4221329987049103,44243.681824767664,,14898.81257759953,43336.316911823735,130854.43369228912,0.14046381774627914,0.5644935369491577,True,3,0,2.6757147209954213,2.6208402269491393,0.49564839980535025,0.9975545073065648,3716.855175143691,43335.49552172847,162511.6739023448,3.6643129798199996
B_a1.5_rho0.0496,B,1,8,0.02084566093596168,0.4621126651763916,8844.19675308941,,3355.5528980950403,39292.92960867528,214859.07896364445,0.157642033817595,0.6092517971992493,True,2,0,5.382737509571,23.914384988288287,0.6387405631446118,0.9973249743380391,2802.4949525455654,46876.56361815383,244061.90972203537,5.146695835785573
B_a1.5_rho0.0496,B,1,9,0.017469757873936613,0.4407977759838104,12483.851970059653,,3789.3212955299687,41405.46849557159,261779.76763317522,0.20458398545782952,0.6315744519233704,True,1,0,6.230830267389388,20.66593283518504,0.9390951808356789,0.9970281724516611,,,,
B_a1.5_rho0.0496,B,1,10,0.014915940764391107,0.5366825461387634,0.0,,1855.3330118742188,112734.68916567904,509024.9113173091,0.04397238716576268,0.5761877298355103,False,1,0,4.498788989075757,inf,1.05282302257618,0.9967934174382673,,,,
B_a1.5_rho0.0496,B,1,11,0.012928901365682022,0.4401836097240448,,,99.99999999962105,500.0,900.0000000003789,0.00011719210189653495,0.4156617820262909,False,0,0,1.6000000000015158,,0.9703188459614116,0.9965657542278717,,,,
B_a1.5_rho0.0496,B,1,12,0.011346940587594249,0.37721139192581177,,,2400.2686069459655,69977.73601151237,268168.6186341656,0.06481599304300278,0.455087274312973,False,0,0,3.7978986628475204,,0.6536763403556763,0.9963320270657722,3685.883188503491,84156.07533397955,355809.96210303664,4.1841789498512485
B_a1.5_rho0.0496,B,1,13,0.010063188817629107,0.3977842628955841,,,1944.658082554809,106921.2066126829,463889.13629299315,0.05826105917213198,0.46528738737106323,False,0,0,4.320419614079092,,0.7437468538351351,0.9961123291598656,3606.413594332473,114125.99922260246,509283.6248223228,4.430867766087798
B_a1.5_rho0.0496,B,1,14,0.009004479143074047,0.4701169729232788,8035.362665660888,,2358.912103750488,40616.83499765648,261678.6082966093,0.11905162473441067,0.5831409096717834,True,1,0,6.38453725426467,32.27230767082377,0.9623695070735371,0.995860767410716,,,,
B_a1.5_rho0.0496,B,1,15,0.008119209756963888,0.460056334733963,,,0.0,0.0,0.0,0.0,0.3796948194503784,False,0,0,,,1.2577729153734634,0.9956756480040255,,,,
B_a1.5_rho0.0496,B,1,16,0.007370054103067009,0.473638117313385,,,0.0,0.0,0.0,0.0,0.3820909559726715,False,0,0,,,1.3462728866757745,0.9954192838092817,,,,
B_a1.5_rho0.0496,B,2,1,0.47168346259628857,0.4723363220691681,563.1503303106176,48731.35103926108,1231.171409874716,6143.5609524611245,18268.851613035848,0.6010407210544875,0.907819926738739,True,23,1,2.773258104704862,30.254231039451998,0.1359521157024524,0.9994334370327729,2401.927983422766,9747.22243645236,24814.870319287733,2.2994183709243914
B_a1.5_rho0.0496,B,2,2,0.16676528748769345,0.4393109381198883,3417.240143513504,,1786.7160796121548,13771.81586316841,73976.5302682011,0.30747660497406226,0.7074313759803772,True,9,0,5.2418515398288665,21.125180308330783,0.2494105186772694,0.999039704156006,2439.2400290199566,12329.352140458672,36172.085933768154,2.735978786270053
B_a1.5_rho0.0496,B,2,3,0.09077552470075399,0.4375096559524536,8649.859312012328,,2114.4189337233092,15516.305031375738,44159.21829413539,0.19111972842995328,0.6184899806976318,True,9,0,2.7097172474627627,4.860749503985939,0.31730626935303724,0.9986960025117328,2773.775180020746,17060.623989718544,54676.515180794566,3.042253321569751
B_a1.5_rho0.0496,B,2,4,0.05896043282453607,0.4088650941848755,6802.037467559837,,2710.612229475961,15851.343994381543,93881.68292248956,0.3454799014868293,0.7159962058067322,True,4,0,5.751630317614008,13.40349433942773,0.23949637167242296,0.9983908031126856,3979.4964472004153,22214.887104357353,69982.67534993718,2.971123760056855
B_a1.5_rho0.0496,B,2,5,0.04218865144911123,0.5012773275375366,0.0,,3621.819647283655,22741.33144084493,101839.8165000985,0.43671478915955575,0.8294514417648315,True,3,0,4.318920249163989,inf,0.43021325637514124,0.9981030415788676,4299.093844342616,32993.53094734666,108499.6953388708,3.1582130951918623
B_a1.5_rho0.0496,B,2,6,0.032093994540835044,0.46428629755973816,10559.195249490384,,1877.7557579363367,25710.863299687982,126792.51895563044,0.11363326879288405,0.5737534761428833,True,4,0,4.858442975705527,11.829951075459357,0.614672185377526,0.9978045412621883,2880.201297231716,43186.355812210626,189620.21039333811,4.324051094010276
B_a1.5_rho0.0496,B,2,7,0.025468513052481965,0.42663970589637756,698296.4824120603,,2710.0028029078776,60935.523890942815,288993.04176552955,0.07045216305788582,0.5024656653404236,False,1,0,4.698130428401445,0.409973479994831,0.743702379647876,0.9975715061625188,3260.675793049288,64489.394884917805,318578.6543532752,4.889454756443523
B_a1.5_rho0.0496,B,2,8,0.02084566093596168,0.4038551151752472,84944.76486246672,,23992.41637561597,48862.81507621397,170980.4213696635,0.11458111930883685,0.5269526243209839,True,2,0,3.0081771744993078,1.7303951012406054,0.6520291750099282,0.9973207714686266,3476.702564871011,56341.736885225466,258438.29527274278,4.525270373315924
B_a1.5_rho0.0496,B,2,9,0.017469757873936613,0.5375070571899414,0.0,,0.0,0.0,0.0,0.0,0.4946402907371521,False,0,0,,,1.0039713276293398,0.9970401514935257,,,,
B_a1.5_rho0.0496,B,2,10,0.014915940764391107,0.4864075779914856,,,797.2940369098181,456327.65974695375,1404905.8701526972,0.0077395176271863875,0.49429935216903687,False,0,0,3.0769745075159465,,0.8907720365558313,0.9968140582783449,,,,
B_a1.5_rho0.0496,B,2,11,0.012928901365682022,0.4646151661872864,,,764282.3778002723,1134456.5833522265,2260110.9308944778,0.0027465438299145717,0.4675596058368683,False,0,0,1.318541912528864,,0.7407336185655,0.9965937402332486,3187.066396796904,88439.10093409677,445517.57415977755,5.0015265091014145
B_a1.5_rho0.0496,B,2,12,0.011346940587594249,0.36584195494651794,,,4173.880888177699,94423.63237608821,411347.7803816681,0.04648228635568952,0.4246429204940796,False,0,0,4.312203303847935,,0.8422949757065172,0.9963419830656128,,,,
B_a1.5_rho0.0496,B,2,13,0.010063188817629107,0.43121927976608276,,,47647.55799020097,98041.04644010229,419757.4333599682,0.054787967625711254,0.49064958095550537,False,0,0,3.7954498537212773,,0.8579700731302067,0.9960724022409395,,,,
B_a1.5_rho0.0496,B,2,14,0.009004479143074047,0.42789027094841003,,,1346.1057522330755,95460.38996416067,475451.6445631803,0.04519590373443094,0.47779056429862976,False,0,0,4.9665158395952895,,1.173878532777456,0.9958972861060685,,,,
B_a1.5_rho0.0496,B,2,15,0.008119209756963888,0.463148832321167,,,413.56097358701004,2361.784238128245,5709.895893124815,0.0180223548953089,0.4500906467437744,False,0,0,2.242514296621457,,0.8604006675575352,0.9956480012024113,,,,
B_a1.5_rho0.0496,B,2,16,0.007370054103067009,0.38631319999694824,,,9155.60287578001,202332.337008235,754850.5276675804,0.022281494394210455,0.4141474664211273,False,0,0,3.685495535799848,,1.0379257208459087,0.9954389456114567,,,,
B_a1.5_rho0.0496,B,3,1,0.47168346259628857,0.5685155987739563,0.0,,935.6444209597971,4942.572345536949,14794.613267250952,0.44295646883311335,0.8725944757461548,True,26,0,2.803999188561306,inf,0.1919929714460878,0.9994291888237106,1945.2233027254324,8572.49018550684,22414.63463899641,2.387802248041972
B_a1.5_rho0.0496,B,3,2,0.16676528748769345,0.3785181939601898,6273.725121722046,,3702.7341683954173,15490.021424114993,67855.83020424478,0.5965156237187683,0.8601096272468567,True,11,0,4.141575681488425,10.225678491033452,0.2363046060003972,0.9990482481502778,2766.1456098265717,13862.6213856413,40349.714377883174,2.711144430950492
B_a1.5_rho0.0496,B,3,3,0.09077552470075399,0.47190961241722107,1565.2692799311196,,2034.5762526571643,11243.411558138143,29096.307318670268,0.35770111847074926,0.7618370056152344,True,7,0,2.4068967791564506,17.288866147813216,0.273863402290838,0.9987106726146989,3341.2759003662823,18859.774073938795,60361.158123645255,3.023359770893087
B_a1.5_rho0.0496,B,3,4,0.05896043282453607,0.3616461455821991,20154.647261318576,,4566.462544244231,23166.684582949434,101360.9202973657,0.26521720006135663,0.6292880773544312,True,7,0,4.178174801255839,4.802587537162825,0.3387748814084798,0.9984031007362622,3541.6020509927093,21698.64399603242,71108.56833672865,3.1138796644661535
B_a1.5_rho0.0496,B,3,5,0.04218865144911123,0.442092627286911,15168.572153182855,,9421.518213755944,22570.962782430845,50713.98540454795,0.1848557148672958,0.6166791915893555,True,4,0,1.8294508563424645,2.722238241924934,0.4455134497485505,0.9981058517075173,3580.212241647086,27313.349424464333,105619.13102832524,3.7358625337719573
B_a1.5_rho0.0496,B,3,6,0.032093994540835044,0.6257504224777222,0.0,,1258.1853186359629,7769.288844595995,117027.8347263046,0.12338033450782859,0.7175872325897217,True,3,0,14.900932597993618,inf,0.8194587697182496,0.9978241700775234,,,,
B_a1.5_rho0.0496,B,3,7,0.025468513052481965,0.398658812046051,131676.19323951835,,3414.0834975371827,45746.74599809532,207673.17424736504,0.10857333498256594,0.5172061324119568,True,2,0,4.464997155389637,1.5512226297298979,0.6521656350257413,0.9975740040789858,18897.22482311938,53996.07822187956,232022.6593466624,3.947053962841013
B_a1.5_rho0.0496,B,3,8,0.02084566093596168,0.46040186285972595,6407.669351917338,,2258.1612844413507,16034.819968112632,108823.66515843816,0.14766210526000645,0.599693238735199,True,2,0,6.645880907045821,16.630930533597166,0.6598420390233161,0.9973087414950135,3352.8993474529607,50593.78625588762,271607.2036443442,5.302119571366816
B_a1.5_rho0.0496,B,3,9,0.017469757873936613,0.4679262042045593,33895.09118800068,,10484.136801839202,64175.25983864469,280207.71282474376,0.11702832378025718,0.5796387195587158,True,2,0,4.202921448250747,7.957599952360957,0.7286591132589717,0.9970308684483076,33055.04480393211,79732.04451741414,370608.8152602187,4.233602342688729
B_a1.5_rho0.0496,B,3,10,0.014915940764391107,0.356304794549942,,,3725.8458129244736,50968.12040282252,229611.45422070293,0.10871417996657495,0.48544713854789734,True,0,0,4.4318999135638,,0.5164639401514447,0.9968069155779492,7493.952845790755,57817.52537582113,227464.4355441156,3.804564122530137
B_a1.5_rho0.0496,B,3,11,0.012928901365682022,0.47785913944244385,69869.1360181707,,52784.21919280505,90660.87945559036,349154.5091057378,0.0673675879135267,0.5437895059585571,False,1,0,3.268998620933385,4.24179125151707,0.7542079478304257,0.9965267730902057,43849.10900972898,95916.92505830094,473400.69831353374,4.478371142973062
B_a1.5_rho0.0496,B,3,12,0.011346940587594249,0.5170498490333557,0.0,,0.0,0.0,0.0,0.0,0.4649466574192047,False,0,0,,,0.819154911609194,0.9963267699567747,,,,
B_a1.5_rho0.0496,B,3,13,0.010063188817629107,0.5265331268310547,0.0,,307.5254800264938,2257.108657150157,2944.4379805868193,0.002494952720155652,0.4691985845565796,False,0,0,1.1682700751720618,inf,1.3146731242859697,0.9961024460689103,,,,
B_a1.5_rho0.0496,B,3,14,0.009004479143074047,0.4289599359035492,,,0.0,0.0,0.0,0.0,0.39904549717903137,False,0,0,,,1.095601180676264,0.995873636379132,,,,
B_a1.5_rho0.0496,B,3,15,0.008119209756963888,0.40615707635879517,,,5594.5548449642265,28571.14959916985,358999.742405334,0.06426360848783474,0.47877535223960876,False,0,0,12.369302338840372,,1.2330199717234094,0.9956510517671496,,,,
B_a1.5_rho0.0496,B,3,16,0.007370054103067009,0.4009980857372284,,,0.0,0.0,0.0,0.0,0.37151116132736206,False,0,0,,,0.9530454469643768,0.9954213472143709,,,,
B_a1.5_rho0.0496,B,4,1,0.47168346259628857,0.45298177003860474,1146.2308303610448,,1191.902367565844,5658.223336079822,13267.316930034734,0.4696339294346785,0.8047918081283569,True,25,0,2.134135371693384,10.534888996717461,0.12623384534134788,0.9994314736116022,2532.468586399061,9655.608189458488,23631.084160793078,2.185115133133554
B_a1.5_rho0.0496,B,4,2,0.16676528748769345,0.4753674268722534,903.9419749683933,,1510.8813751412229,8546.85982944543,29915.11542521477,0.40368074477492044,0.793506920337677,True,10,0,3.323353210054526,31.422629811019355,0.22433935893129162,0.9990490944923482,2593.1384656514947,13504.06321284142,38339.61497061856,2.647090430602744
B_a1.5_rho0.0496,B,4,3,0.09077552470075399,0.4640882611274719,1784.4396754034578,,2263.096605585912,13418.51480345513,60260.32955701004,0.4401721054393555,0.8096581101417542,True,5,0,4.322179749467537,32.501649537864644,0.3798050873356182,0.9987060858154214,2207.320823525933,14627.380774732817,56022.07876928995,3.679042664885231
B_a1.5_rho0.0496,B,4,4,0.05896043282453607,0.3927149772644043,11241.291529866945,,3773.2950429801886,17455.72109450492,70920.69591426982,0.27260518110853127,0.6533224582672119,True,3,0,3.8467274143391137,5.973281690354347,0.33727334434474854,0.9984074370967441,3218.8137549085473,21506.52713381784,73831.80699122044,3.28332848892543
B_a1.5_rho0.0496,B,4,5,0.04218865144911123,0.4800845980644226,11119.69166898389,,10585.092936910904,29087.805539390865,104842.46632193794,0.1669750215612389,0.6304315328598022,True,4,0,3.240442915412893,8.476617534993235,0.481025072195209,0.9980943834125281,3158.1413211742597,28333.114562439354,114395.63417039975,3.926059473768225
B_a1.5_rho0.0496,B,4,6,0.032093994540835044,0.4108653664588928,240027.8260869565,,1737.6411966808707,15107.601926010146,108720.2733871664,0.08577518966444586,0.5045647025108337,False,2,0,7.081377488924822,0.44570929102081774,0.5810063500631379,0.9978429496172814,2847.543693598548,33564.04940705706,167535.25841327696,4.906670012380919
B_a1.5_rho0.0496,B,4,7,0.025468513052481965,0.5266176462173462,0.0,,47661.55336449082,99557.33633640123,425448.44563114207,0.04481426295978963,0.5675696134567261,False,2,0,3.7946665325609032,inf,0.6943725851452806,0.9975505899027995,28199.01100502887,58561.95781962146,263671.59705086733,4.020913828925
B_a1.5_rho0.0496,B,4,8,0.02084566093596168,0.3588562607765198,56827.71360625106,,9450.213771575582,43780.71070735186,201662.89240950719,0.20131095215151618,0.5745335221290588,True,1,0,4.390350808207742,3.3823757184696612,0.6936619108271233,0.9973033736819237,3629.2631668907306,60315.27032530085,294498.3735174222,4.822478765025425
B_a1.5_rho0.0496,B,4,9,0.017469757873936613,0.5046128034591675,0.0,,451.04336179531435,2133.2339018597886,1727937.554404866,0.010677658945599688,0.5150838494300842,False,1,0,809.7970454796445,inf,0.7744885960789911,0.997049653096692,2299.9992676546935,84079.85996900119,439037.6153997,5.19431902352196
B_a1.5_rho0.0496,B,4,10,0.014915940764391107,0.4257494807243347,,,103666.39705966394,159020.06458371956,616896.347723025,0.02518191334351272,0.4543587565422058,False,0,0,3.2274540449149423,,0.6795485381111412,0.9968180284429096,45479.96634883603,85953.15334784512,339348.8033489202,3.4189418951370163
B_a1.5_rho0.0496,B,4,11,0.012928901365682022,0.49905839562416077,,,0.0,0.0,0.0,0.0,0.47119346261024475,False,0,0,,,0.8933363066150344,0.9965598111078107,,,,
B_a1.5_rho0.0496,B,4,12,0.011346940587594249,0.3407580554485321,,,4077.0713846079348,89199.01336788444,381848.86910435674,0.04621611230152922,0.4029046595096588,False,0,0,4.235156684544262,,0.9782974968614733,0.9963689786022693,,,,
B_a1.5_rho0.0496,B,4,13,0.010063188817629107,0.4088859260082245,57683.754347950045,,5995.4016577525235,68373.39954066338,340634.61205018644,0.186284299366263,0.5945348739624023,True,1,0,4.894289484515328,5.801273065096989,0.7859260630066154,0.9961351941611143,2324.098944040395,120012.46778905252,606154.3839851167,5.031396288779235
B_a1.5_rho0.0496,B,4,14,0.009004479143074047,0.4402661621570587,138323.7088852508,,5059.894672619338,75544.45723685077,347880.7935139905,0.07880027040071891,0.5221368074417114,False,1,0,4.538002010743711,2.4783957978293154,1.0112503381116524,0.9958920366864465,,,,
B_a1.5_rho0.0496,B,4,15,0.008119209756963888,0.514798104763031,0.0,,0.0,0.0,0.0,0.0,0.4283260405063629,False,0,0,,,1.367562716163325,0.9956518711459209,,,,
B_a1.5_rho0.0496,B,4,16,0.007370054103067009,0.41218870878219604,,,383042.4207907832,609031.3634281507,1651031.0158708368,0.00654063911528624,0.42004087567329407,False,0,0,2.081975857438157,,1.0492262227134237,0.99543859651491,,,,
B_a1.5_rho0.1,B,0,1,0.47168346259628857,0.4160224497318268,930.0368044945645,,509.650810781172,2560.795244857709,6232.057405845778,0.42445017757993764,0.7685056328773499,True,9,0,2.2346209079213484,6.15288187242707,0.22991075887785975,1.1461000211443442,613.8380590474958,2795.380896517881,5555.640396399725,1.7678457857060121
B_a1.5_rho0.1,B,0,2,0.16676528748769345,0.4692191183567047,662.7198698217942,,554.5034027487112,3132.851974387156,8163.955035668451,0.25365334545450136,0.6804434657096863,True,4,0,2.428921537031219,11.482154043405892,0.5028911953999233,1.2466574811123694,442.969923578016,2354.04744534992,4587.257767268647,1.7604946118979339
B_a1.5_rho0.1,B,0,3,0.09077552470075399,0.3932177722454071,4087.5352155528985,,796.8444420015222,4427.3320667420185,12496.974780388731,0.20331105449970988,0.594999372959137,True,1,0,2.642704491555586,2.862392547437563,0.6040677796269007,1.3355123342218336,462.55856447398844,2352.603475119705,4594.133456997676,1.7561713804377788
B_a1.5_rho0.1,B,0,4,0.05896043282453607,0.3648515045642853,21560.82015723766,,1012.8513768451242,5253.703789403009,13541.908345851409,0.11998289188690858,0.5007343888282776,True,1,0,2.3848046009518153,0.5811029857693265,0.6011637314584471,1.4158379097169582,416.31215368913723,2236.625319022014,4461.316271901826,1.8085300581240877
B_a1.5_rho0.1,B,0,5,0.04218865144911123,0.36128121614456177,43882.10822206606,,2330.830276411123,7360.406866191147,30147.08287876659,0.12806484331040835,0.5061579942703247,True,1,0,3.779173231594707,0.6338859669547076,0.9733315975072016,1.5019387751305449,,,,
B_a1.5_rho0.1,B,0,6,0.032093994540835044,0.41140276193618774,4973.36718116261,,756.6219182416215,5126.80775289844,16399.054392611266,0.16549184960150498,0.5747177004814148,True,1,0,3.051105722762122,3.145239815314211,0.9896898579426334,1.565165995961362,,,,
B_a1.5_rho0.1,B,0,7,0.025468513052481965,0.5002782344818115,0.0,,540.1618585222053,3661.403927226949,12494.059260718877,0.14868816381756744,0.6271209716796875,True,2,0,3.264839837338089,inf,0.882318495785834,1.629234725742728,,,,
B_a1.5_rho0.1,B,0,8,0.02084566093596168,0.4723871946334839,,,1462.0574602329532,12743.217747333232,1497897.3821125112,0.021673988102993036,0.48710834980010986,False,0,0,117.42994228953175,,1.566804685316095,1.701980673234669,,,,
B_a1.5_rho0.1,B,0,9,0.017469757873936613,0.4092187285423279,,,10831.041082144959,20144.263242974033,85104.38067128105,0.024390762193424287,0.4308854341506958,False,0,0,3.6870715346237013,,2.051183795270595,1.7678392551739468,,,,
B_a1.5_rho0.1,B,0,10,0.014915940764391107,0.45853376388549805,,,140.86897209034052,704.3448604516719,2747.002740387341,0.005096376725109764,0.44748297333717346,False,0,0,3.7000820402462757,,2.049774360234668,1.8222051483408928,,,,
B_a1.5_rho0.1,B,0,11,0.012928901365682022,0.49227654933929443,,,0.0,0.0,0.0,0.0,0.44027262926101685,False,0,0,,,1.8128959294503535,1.8874627715194408,,,,
B_a1.5_rho0.1,B,0,12,0.011346940587594249,0.4708276689052582,,,0.0,0.0,0.0,0.0,0.43845438957214355,False,0,0,,,2.5178796852272605,1.9570255508243417,,,,
B_a1.5_rho0.1,B,0,13,0.010063188817629107,0.43852224946022034,,,217.1580546156721,1158.0454739320962,29866.77829835756,0.017503136445959022,0.4528250992298126,False,0,0,25.60315713947554,,2.1890888323380504,2.0019502789052384,,,,
B_a1.5_rho0.1,B,0,14,0.009004479143074047,0.3951982259750366,,,64602.23459681272,802862.2791960385,1614639.402558833,0.004512917148447038,0.39347413182258606,False,0,0,1.9306389254134342,,2.167325696905285,2.0531831644525753,,,,
B_a1.5_rho0.1,B,0,15,0.008119209756963888,0.48893287777900696,721.7439977921126,,318.5854792681151,2209.601984459287,19299.934128771034,0.04851924629624005,0.5326520800590515,False,1,0,8.59039265125744,26.299281611719348,2.345034388846997,2.1438094639394185,,,,
B_a1.5_rho0.1,B,0,16,0.007370054103067009,0.39507901668548584,,,7821.334804198698,14384.934264317242,80171.51902188013,0.0429827678771062,0.43944576382637024,False,0,0,5.029580454681029,,1.8555978360438308,2.1634314625584867,,,,
B_a1.5_rho0.1,B,1,1,0.47168346259628857,0.42547735571861267,999.854454084862,,469.2741024597535,2437.0840363893367,6900.160921952932,0.3237046561239181,0.7088969349861145,True,12,0,2.6387628507964225,6.431822945049721,0.3211350656312719,1.1485377743737688,451.4602739158986,2238.7281016081224,4522.713112174972,1.818556186137393
B_a1.5_rho0.1,B,1,2,0.16676528748769345,0.3822767436504364,2179.3944521694325,,982.522137077829,4432.80118383483,10935.446781124198,0.4307182722839,0.7550724148750305,True,6,0,2.245290106928744,4.566830311116438,0.29079407947686375,1.2446638603485398,853.3806187312741,3752.979211041428,6834.688875072638,1.593749370831604
B_a1.5_rho0.1,B,1,3,0.09077552470075399,0.4214264750480652,3583.372259418259,,656.300606647716,3519.9465156209526,9711.258490913437,0.14289107289873115,0.5607240796089172,True,2,0,2.5724703043302743,2.526937540599185,0.6080286602662336,1.3415026241021237,390.02362262757396,1936.9738464276033,3819.31146214176,1.7704357990371862
B_a1.5_rho0.1,B,1,4,0.05896043282453607,0.4231906831264496,6852.631578947368,,331.1270340156639,1826.7672899310776,7172.819867791542,0.07906892921638597,0.5031691193580627,False,1,0,3.7452459716606863,0.9984037161424092,0.7797856637254984,1.4236294019848013,199.1863114255354,995.931557127679,1911.1719102927166,1.7189791674084927
B_a1.5_rho0.1,B,1,5,0.04218865144911123,0.47877010703086853,4423.109067171427,,1456.3690329591507,4575.65484849787,19573.059257233002,0.04359434957116104,0.5169203281402588,False,1,0,3.9593655605866624,4.095917588543538,0.9612593239018163,1.484598338649911,,,,
B_a1.5_rho0.1,B,1,6,0.032093994540835044,0.544606626033783,0.0,,659.7008084385412,5433.20703172606,19910.347073592744,0.0918315644704073,0.6188591718673706,False,1,0,3.5431460926749403,inf,1.4407179377443502,1.570504803712669,,,,
B_a1.5_rho0.1,B,1,7,0.025468513052481965,0.4221329987049103,21504.85436893204,,841.2528949440684,10329.671097738097,28103.657430611966,0.08363602041116192,0.5047696232795715,False,2,0,2.6392325832753363,1.2677325811168367,0.9992911286398191,1.6244479277397648,,,,
B_a1.5_rho0.1,B,1,8,0.02084566093596168,0.4621126651763916,7992.919084446815,,1258.395042525237,10292.302387547254,33550.19408655039,0.08528989406507037,0.5416006445884705,False,2,0,3.137470881451684,4.040050787810528,1.2877833934367175,1.6905059341722428,,,,
B_a1.5_rho0.1,B,1,9,0.017469757873936613,0.4407977759838104,12202.070464424616,,591.9994683424003,5771.246103654267,31191.286217062825,0.08310137861159017,0.523285448551178,False,1,0,5.302024242103522,2.5077126736756084,1.8933370581364495,1.764359704891672,,,,
B_a1.5_rho0.1,B,1,10,0.014915940764391107,0.5366825461387634,0.0,,0.0,0.0,0.0,0.0,0.5289650559425354,False,1,0,,,2.1226270616455243,1.8341030919119494,,,,
B_a1.5_rho0.1,B,1,11,0.012928901365682022,0.4401836097240448,,,99.9999999999504,500.0,900.0000000000497,0.0008953721949493954,0.38939931988716125,False,0,0,1.6000000000001986,,1.9562879958899426,1.8909290844696018,,,,
B_a1.5_rho0.1,B,1,12,0.011346940587594249,0.37721139192581177,,,602.6406828222116,4276.258461277436,27525.271732299425,0.06269096857645806,0.4473474323749542,False,0,0,6.295838124207927,,1.317895847491283,1.9491606817867273,,,,
B_a1.5_rho0.1,B,1,13,0.010063188817629107,0.3977842628955841,,,642.5960051658649,5020.042755982924,29781.445264947815,0.03358457661678216,0.4338195025920868,False,0,0,5.80450220768619,,1.4994896246676108,1.996807541772205,,,,
B_a1.5_rho0.1,B,1,14,0.009004479143074047,0.4701169729232788,1894.2527345824824,,673.5613303004837,4913.641703324578,29721.67599806639,0.11315342317947241,0.5759915709495544,True,1,0,5.911728290671236,15.334867484917995,1.940261102970841,2.0780604467804547,,,,
B_a1.5_rho0.1,B,1,15,0.008119209756963888,0.460056334733963,,,0.0,0.0,0.0,0.0,0.39521315693855286,False,0,0,,,2.535832490672305,2.120941640324089,,,,
B_a1.5_rho0.1,B,1,16,0.007370054103067009,0.473638117313385,,,0.0,0.0,0.0,0.0,0.43251776695251465,False,0,0,,,2.714259852168901,2.1689577707706937,,,,
B_a1.5_rho0.1,B,2,1,0.47168346259628857,0.4723363220691681,275.8095585598247,,410.29132712628734,2187.001926398541,5916.5909735757905,0.4300290883685731,0.8030150532722473,True,12,0,2.5177388186013334,19.96413639614725,0.27409700746462173,1.1443726223862412,515.9832701297505,2461.714988288342,4933.029628555153,1.794296406951897
B_a1.5_rho0.1,B,2,2,0.16676528748769345,0.4393109381198883,2011.578432303344,,519.8979616695183,2890.6982980131806,8750.149612326786,0.1506109721584563,0.5806735157966614,True,4,0,2.8471499970488243,4.091439597129343,0.5028437876557851,1.244672525565302,426.395845794471,2171.8618104225475,4312.007470074835,1.789069454434763
B_a1.5_rho0.1,B,2,3,0.09077552470075399,0.4375096559524536,5843.222117766702,,646.0072911325426,5412.555829209236,11992.387972868133,0.11285079724321534,0.5406578779220581,True,1,0,2.0963073711875735,1.9418020491187855,0.6397303817601558,1.327995657779437,371.22855928348173,1887.8480212630152,3748.475628993578,1.7889401221241514
B_a1.5_rho0.1,B,2,4,0.05896043282453607,0.4088650941848755,2906.4669656595393,,676.1947980339351,3939.1593176180877,9950.265964083603,0.21422754019253887,0.6030324697494507,True,3,0,2.354327514647838,3.1908400389973752,0.4828555880492399,1.4135009103512286,559.2410866123455,2904.674048695384,5671.86112220253,1.7601355435686443
B_a1.5_rho0.1,B,2,5,0.04218865144911123,0.5012773275375366,0.0,,912.3624329240921,5429.021590621623,17765.17668124978,0.21958758558696445,0.6793609857559204,True,2,0,3.1042083673857785,inf,0.8673654362402042,1.4892684650894876,,,,
B_a1.5_rho0.1,B,2,6,0.032093994540835044,0.46428629755973816,3180.1357637206956,,503.5816295858715,3234.6946269046202,13666.042566469532,0.06988609381685063,0.5297421813011169,False,3,0,4.069151018895168,4.138961954719771,1.2392584382611413,1.5704784927451108,,,,
B_a1.5_rho0.1,B,2,7,0.025468513052481965,0.42663970589637756,,,164.05453463230455,820.2726731614925,2348.3033957573844,0.01207636066182971,0.4205249547958374,False,0,0,2.6628326562514317,,1.4993999589674922,1.6236430775008672,,,,
B_a1.5_rho0.1,B,2,8,0.02084566093596168,0.4038551151752472,,,7235.668003441553,13777.68166654041,39283.45639316584,0.06950566716966478,0.4769560694694519,False,0,0,2.326065383521923,,1.3145749496167907,1.6944027606925998,,,,
B_a1.5_rho0.1,B,2,9,0.017469757873936613,0.5375070571899414,0.0,,0.0,0.0,0.0,0.0,0.46140119433403015,False,0,0,,,2.0241357411881857,1.7780742720787992,,,,
B_a1.5_rho0.1,B,2,10,0.014915940764391107,0.4864075779914856,,,0.0,0.0,0.0,0.0,0.454807847738266,False,0,0,,,1.7959113640238538,1.8383210629389937,,,,
B_a1.5_rho0.1,B,2,11,0.012928901365682022,0.4646151661872864,,,100.00000000001361,500.0,899.9999999999864,0.0032601613110090355,0.44604021310806274,False,0,0,1.5999999999999455,,1.4934145535594763,1.8905932652568835,,,,
B_a1.5_rho0.1,B,2,12,0.011346940587594249,0.36584195494651794,,,740.6196165412782,14689.260098640489,385755.9339896294,0.03408768666812545,0.402334600687027,False,0,0,26.210667643411245,,1.6981753542470106,1.9467456512069914,,,,
B_a1.5_rho0.1,B,2,13,0.010063188817629107,0.43121927976608276,73486.37765592872,,8854.438266720254,15250.253337846216,58833.17313983051,0.06737955372295801,0.49765077233314514,False,0,0,3.2772396474935364,0.680108837410876,1.7297783732463845,2.0030770726206604,,,,
B_a1.5_rho0.1,B,2,14,0.009004479143074047,0.42789027094841003,59286.83461117196,,733.6099017412104,4529.248247297036,25879.259410087205,0.06950842216548647,0.49471691250801086,False,0,0,5.551837332685929,0.42413547077123886,2.3666905902771287,2.0542711254311428,,,,
B_a1.5_rho0.1,B,2,15,0.008119209756963888,0.463148832321167,,,182.29592906409755,911.4796453204877,84987.08034400262,0.022657010140165745,0.4805775582790375,False,0,0,93.04078796528702,,1.7346787652369662,2.1331475451572097,,,,
B_a1.5_rho0.1,B,2,16,0.007370054103067009,0.38631319999694824,,,3359.1953261321223,8794.299600605662,34776.24828781076,0.03669855658343124,0.42246752977371216,False,0,0,3.572433779662789,,2.092592179124816,2.166590413780096,,,,
B_a1.5_rho0.1,B,3,1,0.47168346259628857,0.5685155987739563,0.0,,312.7467041097489,1670.8926070824386,4229.3745876663415,0.2699528117626926,0.7542278170585632,True,10,0,2.3440332831416697,inf,0.38708260372195125,1.1515453768166641,408.33704589366556,2014.3302951680407,4230.821853460427,1.89764549375845
B_a1.5_rho0.1,B,3,2,0.16676528748769345,0.3785181939601898,3023.694631801951,,971.2909248881421,4447.427991429716,11610.493938938971,0.3250127444980029,0.6767635941505432,True,6,0,2.392214788986531,3.518610279673138,0.4764205766137041,1.2405911612280838,467.18971426393296,2450.1841718368605,4829.790409459032,1.780519499448294
B_a1.5_rho0.1,B,3,3,0.09077552470075399,0.47190961241722107,673.2477866308575,,541.0623013228997,3015.4287177648985,7894.380128293054,0.2224875001673956,0.661311149597168,True,2,0,2.4385646338277875,10.922156705138917,0.5521439562315282,1.3330125427354398,481.51467036188996,2473.448229245708,4982.045401848002,1.819537065006036
B_a1.5_rho0.1,B,3,4,0.05896043282453607,0.3616461455821991,17531.45732223162,,1370.2485434003465,6060.255154258705,20522.52510432491,0.13814200028997714,0.5142414569854736,True,1,0,3.1603086129906166,1.0924520539794251,0.6830138738074191,1.4155041953486582,391.6762781868466,1926.7814108506627,3784.136484478175,1.7606876354456718
B_a1.5_rho0.1,B,3,5,0.04218865144911123,0.442092627286911,9559.443739224342,,797.8446479266912,6908.524938173616,19419.10052192289,0.07864470402266743,0.5171381235122681,False,1,0,2.695402570106238,1.9479434559135906,0.8982126002994971,1.4828110492084838,,,,
B_a1.5_rho0.1,B,3,6,0.032093994540835044,0.6257504224777222,0.0,,330.1886337981994,1676.5964111335916,4743.077884450421,0.04937686141981956,0.6518500447273254,False,3,0,2.6320521870069786,inf,1.652134616367439,1.5649611193899853,,,,
B_a1.5_rho0.1,B,3,7,0.025468513052481965,0.398658812046051,,,725.8961837128505,7587.552171455752,38712.41426325672,0.07314523754093916,0.47413116693496704,False,0,0,5.006425948865107,,1.3148500706164141,1.6211088003384486,,,,
B_a1.5_rho0.1,B,3,8,0.02084566093596168,0.46040186285972595,2902.7262704219706,,496.0779593112617,3047.433809213798,11061.884398871107,0.07896066691976511,0.5309116244316101,False,1,0,3.467115973976051,3.639959629408628,1.3303266915792664,1.6923739154120212,,,,
B_a1.5_rho0.1,B,3,9,0.017469757873936613,0.4679262042045593,,,11244.85426222445,18499.297551575815,414641.69178140926,0.030623869939394588,0.4922245144844055,False,0,0,21.80606244072346,,1.4690707928608302,1.7655807148212546,,,,
B_a1.5_rho0.1,B,3,10,0.014915940764391107,0.356304794549942,,,867.2644468864439,6276.834339508343,20768.53390951923,0.08708943501058908,0.4565064609050751,False,0,0,3.17059020298943,,1.0412579438537193,1.8221817505053404,,,,
B_a1.5_rho0.1,B,3,11,0.012928901365682022,0.47785913944244385,,,393.67743982201574,38886.48780844241,120657.62663877416,0.00919853323277664,0.4846518933773041,False,0,0,3.092692500062769,,1.5205805399806969,1.9059373881417185,,,,
B_a1.5_rho0.1,B,3,12,0.011346940587594249,0.5170498490333557,0.0,,0.0,0.0,0.0,0.0,0.44732388854026794,False,0,0,,,1.6515219992120844,1.962712290519419,,,,
B_a1.5_rho0.1,B,3,13,0.010063188817629107,0.5265331268310547,0.0,,0.0,0.0,0.0,0.0,0.4525565207004547,False,0,0,,,2.650550653802359,2.013110265745975,,,,
B_a1.5_rho0.1,B,3,14,0.009004479143074047,0.4289599359035492,,,0.0,0.0,0.0,0.0,0.38833174109458923,False,0,0,,,2.208873348137629,2.0640926508586084,,,,
B_a1.5_rho0.1,B,3,15,0.008119209756963888,0.40615707635879517,,,2087.631154651182,6406.892631855772,193556.01411121013,0.0341771068922867,0.4409184455871582,False,0,0,29.884749746633364,,2.4859273623455835,2.1033267479418036,,,,
B_a1.5_rho0.1,B,3,16,0.007370054103067009,0.4009980857372284,,,0.0,0.0,0.0,0.0,0.3493226170539856,False,0,0,,,1.9214625946862434,2.185433502389111,,,,
B_a1.5_rho0.1,B,4,1,0.47168346259628857,0.45298177003860474,559.5971476567199,,388.93917397885724,1981.1705216938963,4756.636019768473,0.3235199992910509,0.692329466342926,True,14,0,2.2046041963390635,7.805073460576217,0.2545037204462659,1.1470608223459666,558.2521645499296,2539.1212690536813,4909.073229357012,1.7135144814995829
B_a1.5_rho0.1,B,4,2,0.16676528748769345,0.4753674268722534,426.8637445837142,,441.2120951132945,2505.548083442545,7558.725723685949,0.2567546545546975,0.6887540221214294,True,3,0,2.840701272351322,16.673970837026207,0.45229709461953965,1.237786443335374,438.16355722754764,2284.088897798376,4799.603515080006,1.9094878321314173
B_a1.5_rho0.1,B,4,3,0.09077552470075399,0.4640882611274719,893.4594213042601,,598.6216565327122,3602.3674116812263,12850.79037609324,0.2329998291008728,0.6668957471847534,True,2,0,3.401143559047031,13.713178715688034,0.7657360631766497,1.3287128965214503,219.85169823259636,1117.660351815305,2192.23229366773,1.7647405960420726
B_a1.5_rho0.1,B,4,4,0.05896043282453607,0.3927149772644043,4989.350455990236,,1127.570546398757,4837.777180596043,16315.459476883168,0.18655432989157816,0.579055666923523,True,2,0,3.1394353984308916,3.0440613591794836,0.6799865813402188,1.4106586705155595,322.5400258739892,1707.8669402497776,3447.0226615502065,1.8294649085597137
B_a1.5_rho0.1,B,4,5,0.04218865144911123,0.4800845980644226,6902.868890917312,,711.4233706723685,10393.49553280728,23960.869370844233,0.05644316529047089,0.532586932182312,False,2,0,2.236922691387562,3.3680845410178843,0.9698086132967925,1.4952910977748262,,,,
B_a1.5_rho0.1,B,4,6,0.032093994540835044,0.4108653664588928,,,596.2803807250207,3234.843164735787,14166.521631411464,0.05536470733450116,0.46918076276779175,False,0,0,4.195022929896765,,1.1713837702885845,1.5745802324495588,,,,
B_a1.5_rho0.1,B,4,7,0.025468513052481965,0.5266176462173462,0.0,,0.0,0.0,0.0,0.0,0.5146273374557495,False,1,0,,,1.399944728115485,1.6338199304853698,,,,
B_a1.5_rho0.1,B,4,8,0.02084566093596168,0.3588562607765198,,,2636.686898073038,10599.545646806188,32869.3561123268,0.11938405997744628,0.492719829082489,True,0,0,2.852260863027025,,1.3985119169901679,1.6992369496886952,,,,
B_a1.5_rho0.1,B,4,9,0.017469757873936613,0.5046128034591675,0.0,,100.0,500.0,900.0,0.005021492322345722,0.46843427419662476,False,0,0,1.6,inf,1.5614689437076434,1.7760072355619396,,,,
B_a1.5_rho0.1,B,4,10,0.014915940764391107,0.4257494807243347,,,21795.708899909077,60227.85681928353,288808.89826357947,0.010211018644294967,0.43142402172088623,False,0,0,4.433383544841315,,1.3700575365143977,1.8172822337253507,,,,
B_a1.5_rho0.1,B,4,11,0.012928901365682022,0.49905839562416077,,,0.0,0.0,0.0,0.0,0.4438387453556061,False,0,0,,,1.801081263336763,1.8898444531810576,,,,
B_a1.5_rho0.1,B,4,12,0.011346940587594249,0.3407580554485321,,,1572.7186385643631,8506.311785612354,107788.1959903376,0.026352059621856938,0.3709838092327118,False,0,0,12.486666375364583,,1.9723739856078093,1.9533523226260985,,,,
B_a1.5_rho0.1,B,4,13,0.010063188817629107,0.4088859260082245,,,810.1535517958415,8912.801108433041,132683.724315615,0.03840425103203682,0.4464370012283325,False,0,0,14.795973696646737,,1.5845283528359182,2.010228314357118,,,,
B_a1.5_rho0.1,B,4,14,0.009004479143074047,0.4402661621570587,339671.563239066,,1555.7321121159493,10562.584095940005,50712.59343959203,0.057452254748059595,0.49365493655204773,False,0,0,4.653866978097789,0.14471880088731107,2.0388111655476866,2.055354426604543,,,,
B_a1.5_rho0.1,B,4,15,0.008119209756963888,0.514798104763031,0.0,,0.0,0.0,0.0,0.0,0.4508662521839142,False,0,0,,,2.757182895490575,2.1230592225797356,,,,
B_a1.5_rho0.1,B,4,16,0.007370054103067009,0.41218870878219604,,,482.6369850310283,27258.05567987617,154668.063794498,0.014480193245258732,0.4205818474292755,False,0,0,5.656508616030806,,2.1153754490189995,2.155867820647572,,,,
B_a1.5_rho1.0,B,0,1,0.47168346259628857,0.4160224497318268,501.1276095477878,,242.83201844670847,50854.47123385938,2352452.2441553334,0.40677725335795056,0.46892884373664856,True,0,0,46.253738463232,4693.833202005165,2.2991075887785972,4.346570501334568,,,,
B_a1.5_rho1.0,B,0,2,0.16676528748769345,0.4692191183567047,2477.754074111587,,2039.4446873257907,29998.441503507835,1203975.7913574756,0.2368882336763738,0.5024649500846863,True,1,0,40.066626345558745,485.0910585632317,5.028911953999232,6.14205170730538,,,,
B_a1.5_rho1.0,B,0,3,0.09077552470075399,0.3932177722454071,5675.762689098205,,678.8775971476834,112317.63775821576,284695.16893981997,0.43847730522644124,0.4018557667732239,True,0,0,2.5286882542354503,50.04019845442099,6.040677796269007,7.812513566421916,,,,
B_a1.5_rho1.0,B,0,4,0.05896043282453607,0.3648515045642853,10494.579879702973,,2363.392924798043,39838.63303493899,1181741.2008700552,0.3756988770987588,0.42716899514198303,True,0,0,29.603872374610038,112.3797066165775,6.011637314584472,9.603978094751659,,,,
B_a1.5_rho1.0,B,0,5,0.04218865144911123,0.36128121614456177,10954.166497734892,,514.6580199918664,40953.8720145498,109892.08613526433,0.32681354014619046,0.44641947746276855,True,0,0,2.670746933926385,9.985006904714254,9.733315975072015,9.160224897343541,,,,
B_a1.5_rho1.0,B,0,6,0.032093994540835044,0.41140276193618774,8687.510891732645,,821.3159240677599,154897.27523202042,2053651.2549164884,0.37880712451420706,0.40586763620376587,True,0,0,13.25284732037726,236.29667514385153,9.896898579426333,13.354950525679127,,,,
B_a1.5_rho1.0,B,0,7,0.025468513052481965,0.5002782344818115,0.0,,11793.047752540337,168747.4206620402,913651.3143013694,0.26460582025149293,0.41418325901031494,True,0,0,5.344426972635217,inf,8.82318495785834,10.679909642691104,,,,
B_a1.5_rho1.0,B,0,8,0.02084566093596168,0.4723871946334839,9718.112337207665,,9651.174605074524,32901.59557449846,806833.6300527579,0.22523710169254585,0.4425757825374603,True,0,0,24.22929470525641,82.03058657755136,15.66804685316095,16.795438626712198,,,,
B_a1.5_rho1.0,B,0,9,0.017469757873936613,0.4092187285423279,48877.334396064296,,1969.9850617183183,86770.98150015438,1520885.6610324583,0.30221246660403267,0.4168727993965149,True,0,0,17.504880660685366,31.076074314172217,20.511837952705953,13.223027725140565,,,,
B_a1.5_rho1.0,B,0,10,0.014915940764391107,0.45853376388549805,5824.6357952135595,,5631.424649213229,608783.4453624499,2542423.674247901,0.2948810626824958,0.35722827911376953,True,0,0,4.166986255824292,435.52804652323783,20.497743602346677,14.480302638359673,,,,
B_a1.5_rho1.0,B,0,11,0.012928901365682022,0.49227654933929443,1738.4629033423798,,1880.2460348439545,46700.711522858044,901447.1226385258,0.2094969590313447,0.4854854941368103,True,0,0,19.262380534895737,517.4495670135778,18.128959294503534,20.201523369445535,,,,
B_a1.5_rho1.0,B,0,12,0.011346940587594249,0.4708276689052582,4736.826757486891,,4839.883935730788,737865.078996975,2187475.780162964,0.33690113797609467,0.3976849317550659,True,0,0,2.95804200300985,460.7801821709907,25.1787968522726,18.673460719812937,,,,
B_a1.5_rho1.0,B,0,13,0.010063188817629107,0.43852224946022034,29723.726053038146,,13763.04165696432,92637.3699707177,1399826.3900916832,0.30275193671321343,0.5216348171234131,True,1,0,14.962248484308741,46.63154767210101,21.890888323380505,17.790671494009345,,,,
B_a1.5_rho1.0,B,0,14,0.009004479143074047,0.3951982259750366,7378.831410491763,,5832.675295784945,7910.956859590306,1279762.2968528916,0.3484710885346516,0.4522317945957184,True,0,0,161.03356953751373,172.64652770704862,21.673256969052847,18.95160608845176,,,,
B_a1.5_rho1.0,B,0,15,0.008119209756963888,0.48893287777900696,11783.090990855944,,19995.550560989086,165844.9752647678,2259949.881372005,0.24594456357692618,0.49867910146713257,True,0,0,13.506314117958528,190.0990438374186,23.450343888469966,22.503476768534718,,,,
B_a1.5_rho1.0,B,0,16,0.007370054103067009,0.39507901668548584,6887.855343829335,,2623.4592497883446,45643.302501079765,736814.1809621062,0.30042089029568686,0.42323827743530273,True,0,0,16.085398765677603,106.59206459236428,18.555978360438306,20.899158932453485,,,,
B_a1.5_rho1.0,B,1,1,0.47168346259628857,0.42547735571861267,16842.07237536599,,5506.6424025081415,26447.377329301613,1832727.4804715593,0.3246066044106959,0.4801916778087616,True,0,0,69.08892383989374,108.4914491129744,3.211350656312719,4.070916854453017,,,,
B_a1.5_rho1.0,B,1,2,0.16676528748769345,0.3822767436504364,561.7358257991056,,181.73003317826235,908.6501658913129,1355798.4354980562,0.37099758817836825,0.5063871741294861,True,1,0,1491.9016760813847,2413.263749977893,2.9079407947686375,5.8004582211890465,,,,
B_a1.5_rho1.0,B,1,3,0.09077552470075399,0.4214264750480652,8272.358107396323,,5312.468564425828,17831.502696929565,917934.5620195379,0.28246517699582796,0.5138804912567139,True,1,0,51.1803244497312,110.32187939725866,6.080286602662334,7.293075704093582,,,,
B_a1.5_rho1.0,B,1,4,0.05896043282453607,0.4231906831264496,10737.38781735939,,10329.393715721226,209454.4901170751,217674.31437303033,0.3480029709706356,0.44675517082214355,True,0,0,0.9899282681474775,19.310555247160732,7.797856637254984,9.366552804446997,,,,
B_a1.5_rho1.0,B,1,5,0.04218865144911123,0.47877010703086853,3633.373102872357,,3637.7762680780143,29621.14921143022,49806.44471178359,0.22471541352518098,0.4015495479106903,True,0,0,1.5586386643597876,12.706833880398083,9.612593239018164,10.168487894614511,,,,
B_a1.5_rho1.0,B,1,6,0.032093994540835044,0.544606626033783,0.0,,48534.38763289203,1117569.6903443,1119700.619022592,0.2976030577305835,0.4543076157569885,True,0,0,0.9584782413521755,inf,14.4071793774435,12.309000232446333,,,,
B_a1.5_rho1.0,B,1,7,0.025468513052481965,0.4221329987049103,7704.380230107112,,904.0548617291004,135467.63356783777,1487749.9239628972,0.3611621119646058,0.34266528487205505,True,0,0,10.97565396207061,192.98708328164858,9.99291128639819,12.515846548392512,,,,
B_a1.5_rho1.0,B,1,8,0.02084566093596168,0.4621126651763916,10687.888963181214,,10612.297168207157,231645.36751140826,2136496.5004474563,0.3207018806156192,0.44573941826820374,True,0,0,9.177322327305127,198.9059028029504,12.877833934367175,12.887032152313953,,,,
B_a1.5_rho1.0,B,1,9,0.017469757873936613,0.4407977759838104,2940.740894347298,,2554.6882025166183,10088.455060746252,2219894.335577809,0.253528757024184,0.4198397994041443,True,0,0,219.78981261490335,754.0071454909441,18.933370581364493,14.262320809299784,,,,
B_a1.5_rho1.0,B,1,10,0.014915940764391107,0.5366825461387634,0.0,,12974.575036958042,147764.91896286356,204857.88561383213,0.26021133857145173,0.4554314911365509,True,0,0,1.2985714872222034,inf,21.226270616455242,17.47123928029324,,,,
B_a1.5_rho1.0,B,1,11,0.012928901365682022,0.4401836097240448,8524.239930130425,,8248.133825564455,10753.17865514182,2620784.559042809,0.3109983329631083,0.3791995644569397,True,0,0,242.95480517921226,306.4832110113156,19.562879958899426,16.039379160914415,,,,
B_a1.5_rho1.0,B,1,12,0.011346940587594249,0.37721139192581177,5487.849553153303,,4390.898311496813,409834.8271287389,1494809.314461605,0.4021736097962503,0.5398002862930298,True,1,0,3.6366319246019865,271.58514491231233,13.178958474912829,19.752449740545522,,,,
B_a1.5_rho1.0,B,1,13,0.010063188817629107,0.3977842628955841,1838.205364273521,,469.209016030296,6593.848035022309,15981.308968928786,0.2640648151076439,0.4353693723678589,True,0,0,2.352510987591483,8.438719772221448,14.99489624667611,17.695714886436328,,,,
B_a1.5_rho1.0,B,1,14,0.009004479143074047,0.4701169729232788,407.42766357722456,,375.80781832061837,6961.473513030464,326779.16915722523,0.2793815511978899,0.404668927192688,True,0,0,46.887108128465016,801.1320548857074,19.40261102970841,23.356840517035657,,,,
B_a1.5_rho1.0,B,1,15,0.008119209756963888,0.460056334733963,22642.125462018135,,22537.53196949725,46986.80313576951,622596.7807793493,0.28633371105456984,0.5297896265983582,True,1,0,12.77080390159693,26.50189576135171,25.358324906723052,21.949363248176127,,,,
B_a1.5_rho1.0,B,1,16,0.007370054103067009,0.473638117313385,644.6651896335597,,675.8881313529894,5988.2097546233645,2972684.6053552134,0.27311658391894866,0.3876698613166809,True,0,0,496.3100557606951,4610.158521066118,27.142598521689006,21.88030459564268,,,,
B_a1.5_rho1.0,B,2,1,0.47168346259628857,0.4723363220691681,343.2175235466835,,446.93261096520104,80789.76491426279,1257677.1666532191,0.36933656636912726,0.6032286286354065,True,2,0,15.561751360168891,3663.071223900516,2.7409700746462176,4.430171458181505,,,,
B_a1.5_rho1.0,B,2,2,0.16676528748769345,0.4393109381198883,3303.416405647102,,2405.616127615534,68506.72364686245,2450542.263588714,0.3499779246942074,0.4726581871509552,True,0,0,35.735713476544596,741.092356166808,5.028437876557851,6.04380882229731,,,,
B_a1.5_rho1.0,B,2,3,0.09077552470075399,0.4375096559524536,6558.1593738574875,,6059.229587391747,75847.44577233419,324241.8102423106,0.26634073214893306,0.4376438558101654,True,0,0,4.195033562632874,48.51705524621383,6.397303817601558,7.093688802191534,,,,
B_a1.5_rho1.0,B,2,4,0.05896043282453607,0.4088650941848755,2902.9305583792416,,690.9098106059093,3738.4950757579563,61756.874328666534,0.32898149268335786,0.5093355178833008,True,1,0,16.334370724209094,21.035971508789675,4.828555880492399,7.71309031543793,,,,
B_a1.5_rho1.0,B,2,5,0.04218865144911123,0.5012773275375366,0.0,,22737.105080959605,193693.39653908586,841820.8378940787,0.2899374853365515,0.4216018319129944,True,0,0,4.228764363930363,inf,8.673654362402042,8.391352740484324,,,,
B_a1.5_rho1.0,B,2,6,0.032093994540835044,0.46428629755973816,2906.192734201604,,2874.2220128003955,273962.2445645129,820685.1538826841,0.32481011406456073,0.558687150478363,True,3,0,2.985122760874828,281.4028547540756,12.392584382611412,13.390794901850105,,,,
B_a1.5_rho1.0,B,2,7,0.025468513052481965,0.42663970589637756,3698.0067286893436,,2872.5495080211062,32492.67174282208,2345788.924317408,0.3035524024362912,0.4059716463088989,True,0,0,72.10599341763755,633.561955588915,14.993999589674921,13.518986747760787,,,,
B_a1.5_rho1.0,B,2,8,0.02084566093596168,0.4038551151752472,4292.166459124583,,2424.8390160682047,4564.760524528236,1442726.0174848323,0.302468215101686,0.47563210129737854,True,0,0,315.5261203144097,335.56507935680656,13.145749496167907,12.12590549938565,,,,
B_a1.5_rho1.0,B,2,9,0.017469757873936613,0.5375070571899414,0.0,,8817.290761129885,1231729.92018074,2476867.272527242,0.19341827527347633,0.48229408264160156,True,0,0,2.003726581070596,inf,20.241357411881854,16.833984454204934,,,,
B_a1.5_rho1.0,B,2,10,0.014915940764391107,0.4864075779914856,15883.800678548005,,19422.505001934507,37683.70710542315,87962.38636425807,0.2786708083093856,0.4640618562698364,True,0,0,1.8188200319723806,4.315080675552084,17.959113640238535,18.146955040918918,,,,
B_a1.5_rho1.0,B,2,11,0.012928901365682022,0.4646151661872864,3065.3257257774703,,3012.674317216965,289915.2018994953,571561.0153223594,0.2980921038308111,0.5206380486488342,True,1,0,1.9610849561529395,185.47730057657716,14.93414553559476,20.060254428520437,,,,
B_a1.5_rho1.0,B,2,12,0.011346940587594249,0.36584195494651794,18611.625122012574,,743.9675932263068,47954.698094748484,1435866.5769447088,0.36617599999729133,0.4283711612224579,True,0,0,29.92663214177638,77.10893594424037,16.981753542470106,18.142823710169367,,,,
B_a1.5_rho1.0,B,2,13,0.010063188817629107,0.43121927976608276,969.2155474420063,,458.0979416921382,160980.89748126172,224963.1371283181,0.303441029328237,0.3728005290031433,True,0,0,1.3946067061326857,231.63582113302758,17.29778373246384,14.670058902941978,,,,
B_a1.5_rho1.0,B,2,14,0.009004479143074047,0.42789027094841003,1191.2179598815762,,490.14910198844655,4174.211985937286,4932.970185651754,0.2929265926663751,0.39868542551994324,True,0,0,1.0643496541696857,3.7296458190615147,23.666905902771287,23.557854791569422,,,,
B_a1.5_rho1.0,B,2,15,0.008119209756963888,0.463148832321167,518.1658942145713,,393.40402920288193,80893.26838795452,84829.27232413719,0.27906002191862456,0.4360092878341675,True,0,0,1.0437935068959001,162.95142007159896,17.34678765236966,20.13263278101662,,,,
B_a1.5_rho1.0,B,2,16,0.007370054103067009,0.38631319999694824,7551.380397596942,,560.2539830836705,21283.003401398826,159625.2381976214,0.36671192781989603,0.41311195492744446,True,0,0,7.473803448440138,21.064358546307187,20.92592179124816,23.30740164197218,,,,
B_a1.5_rho1.0,B,3,1,0.47168346259628857,0.5685155987739563,0.0,,1525.4538389271352,2468.1817397419823,420668.9759558882,0.21058535984232307,0.5431699752807617,True,2,0,169.81874363950902,inf,3.870826037219512,3.404435710565727,,,,
B_a1.5_rho1.0,B,3,2,0.16676528748769345,0.3785181939601898,5733.009973825534,,893.8685152747701,95878.92316860448,2431796.186090756,0.4292500106661157,0.535298764705658,True,1,0,25.35387588052803,424.018504882067,4.7642057661370405,5.260594196698553,,,,
B_a1.5_rho1.0,B,3,3,0.09077552470075399,0.47190961241722107,473.50658523683194,,380.1519132550355,170832.82278473384,172067.02283998765,0.22623089254187345,0.4366580843925476,True,0,0,1.004999321137923,362.586025790667,5.521439562315282,6.714870948694336,,,,
B_a1.5_rho1.0,B,3,4,0.05896043282453607,0.3616461455821991,4543.321031086991,,863.2413271521061,25782.357760881874,127927.73213720595,0.3367767106969799,0.42212215065956116,True,0,0,4.928350307931948,27.967315085294253,6.83013873807419,8.990808610115737,,,,
B_a1.5_rho1.0,B,3,5,0.04218865144911123,0.442092627286911,37994.73707715223,,3960.882633216371,51423.38439865021,201789.80570913202,0.2550686394215118,0.4174078702926636,True,0,0,3.8470615147047456,5.206745415140093,8.98212600299497,9.64076581075732,,,,
B_a1.5_rho1.0,B,3,6,0.032093994540835044,0.6257504224777222,0.0,,71481.99572732367,71712.21984851315,71942.44396970262,0.136564049230671,0.4652321934700012,True,0,0,0.00642077798388647,inf,16.521346163674387,11.155597695611897,,,,
B_a1.5_rho1.0,B,3,7,0.025468513052481965,0.398658812046051,3134.317275696882,,1432.3676841376289,49594.354615011216,212501.8240328688,0.3713766280706352,0.4308132827281952,True,0,0,4.255916988681705,67.34144561092722,13.14850070616414,15.144680345055303,,,,
B_a1.5_rho1.0,B,3,8,0.02084566093596168,0.46040186285972595,541.9447545450874,,371.1691978484314,29545.034396312894,2047779.5143118962,0.2695389003623836,0.41030946373939514,True,0,0,69.29788328049996,3777.8912480344197,13.303266915792664,13.524733233483918,,,,
B_a1.5_rho1.0,B,3,9,0.017469757873936613,0.4679262042045593,3102.8788980126064,,3133.754650405031,289957.1675725378,1495667.1444302157,0.3294131729608374,0.5555723309516907,True,1,0,5.147427126133819,481.0156757119261,14.690707928608301,17.336420941268475,,,,
B_a1.5_rho1.0,B,3,10,0.014915940764391107,0.356304794549942,2977.834994373666,,1093.3088005084205,3552.814892643392,423755.1782080189,0.3266963555604816,0.5293689966201782,True,1,0,118.96535062456867,141.93596025504755,10.412579438537191,18.456295458280042,,,,
B_a1.5_rho1.0,B,3,11,0.012928901365682022,0.47785913944244385,2848.7713136295133,,4117.162282096887,93896.45913245775,1038900.1846552428,0.22873801748021094,0.4252683222293854,True,0,0,11.02046905638262,363.2383608408242,15.205805399806968,17.814112370641148,,,,
B_a1.5_rho1.0,B,3,12,0.011346940587594249,0.5170498490333557,0.0,,62976.46876695269,150990.28073627438,2321860.472427004,0.2233702414738552,0.601791262626648,True,2,0,14.960459657701463,inf,16.515219992120844,19.754126456075507,,,,
B_a1.5_rho1.0,B,3,13,0.010063188817629107,0.5265331268310547,0.0,,37949.17924607573,271725.5388042471,847555.2584845624,0.3239100228940437,0.32891809940338135,True,0,0,2.979499397816016,inf,26.505506538023585,17.53275415647982,,,,
B_a1.5_rho1.0,B,3,14,0.009004479143074047,0.4289599359035492,12778.363367394428,,10123.772474375828,48714.960631065915,2846749.3266710816,0.33733521756545937,0.6389473676681519,True,1,0,58.22904334623986,221.98660913295876,22.08873348137629,21.4328986924511,,,,
B_a1.5_rho1.0,B,3,15,0.008119209756963888,0.40615707635879517,6805.152179358174,,2071.3976526388615,84272.49515922795,502870.5177015751,0.3653692515328508,0.38552045822143555,True,0,0,5.942616497858591,73.59117134338192,24.859273623455834,22.901438560087346,,,,
B_a1.5_rho1.0,B,3,16,0.007370054103067009,0.4009980857372284,19607.400436850465,,2525.069417913768,25995.47281508853,1142810.3055276903,0.3520803014533831,0.43838152289390564,True,0,0,43.8647623076862,58.15586006836001,19.214625946862434,24.860404382899613,,,,
B_a1.5_rho1.0,B,4,1,0.47168346259628857,0.45298177003860474,1290.017132568758,,1241.7846412312197,71960.13881110457,2227614.249987809,0.4167554300348968,0.4601970613002777,True,0,0,30.938968464066022,1725.8472070935165,2.5450372044626586,3.6529754992704273,,,,
B_a1.5_rho1.0,B,4,2,0.16676528748769345,0.4753674268722534,433.5355196874679,,524.1187103644667,284381.846467768,284876.3692935536,0.30004234360758986,0.38545483350753784,True,0,0,0.9998959290652815,655.8914729482287,4.522970946195396,4.702787332467701,,,,
B_a1.5_rho1.0,B,4,3,0.09077552470075399,0.4640882611274719,14805.101815160806,,13976.83557773515,42952.580897554464,847990.890481475,0.2639354907732603,0.4310492277145386,True,0,0,19.417088274460944,56.33288209134017,7.657360631766496,5.92892413995618,,,,
B_a1.5_rho1.0,B,4,4,0.05896043282453607,0.3927149772644043,1280.5568496677538,,437.1041865802852,159319.437490376,1859836.260646246,0.35982908515507006,0.45443040132522583,True,0,0,11.670887028909993,1452.0239042429823,6.799865813402188,8.454282346166002,,,,
B_a1.5_rho1.0,B,4,5,0.04218865144911123,0.4800845980644226,1693.528718595131,,1899.1056656959065,55901.12488348506,65958.30015296479,0.24058338462009488,0.4224156439304352,True,0,0,1.1459374855298121,37.825868427202856,9.698086132967925,12.568096377031509,,,,
B_a1.5_rho1.0,B,4,6,0.032093994540835044,0.4108653664588928,14679.486241217799,,9455.356364201889,82794.2674989133,1535682.2926052345,0.3387442875591198,0.43887877464294434,True,0,0,18.43396870756861,103.9700512103493,11.713837702885845,12.58393848035522,,,,
B_a1.5_rho1.0,B,4,7,0.025468513052481965,0.5266176462173462,0.0,,8408.302093843069,581723.9166484996,2966821.1062623723,0.1908362683218634,0.4655974507331848,True,0,0,5.085595966576218,inf,13.99944728115485,12.600604503590917,,,,
B_a1.5_rho1.0,B,4,8,0.02084566093596168,0.3588562607765198,9878.630398052577,,647.7622696616392,53960.67705740571,440129.0898141091,0.3400397189733546,0.4699006974697113,True,0,0,8.144473930097433,44.48808284507582,13.98511916990168,15.035998050219398,,,,
B_a1.5_rho1.0,B,4,9,0.017469757873936613,0.5046128034591675,0.0,,7738.5270409808645,877066.8426757635,1379743.7713508944,0.24766190983916658,0.47547823190689087,True,0,0,1.5643109254069936,inf,15.614689437076434,16.673123026398674,,,,
B_a1.5_rho1.0,B,4,10,0.014915940764391107,0.4257494807243347,8686.732217073291,,8465.225296190998,575768.8330038743,1837591.3163162128,0.44411951522172544,0.4278371036052704,True,0,0,3.1768410969332788,210.56549750952098,13.700575365143976,16.14442251618609,,,,
B_a1.5_rho1.0,B,4,11,0.012928901365682022,0.49905839562416077,34645.635821926684,,34891.60845912152,177994.6769748955,484879.7291058866,0.1866613743043848,0.5074144601821899,True,1,0,2.5280987515723954,12.988306029643555,18.010812633367628,21.11038032155685,,,,
B_a1.5_rho1.0,B,4,12,0.011346940587594249,0.3407580554485321,15379.361749763966,,1574.1615541070926,15988.12838189929,58488.879849663645,0.3349354501757338,0.4198399484157562,True,0,0,3.5598111884059964,3.7007204344113984,19.72373985607809,17.71938764634443,,,,
B_a1.5_rho1.0,B,4,13,0.010063188817629107,0.4088859260082245,3779.7817086150208,,3245.001369953842,22984.01032540259,1238360.329579712,0.330624561909846,0.4480610191822052,True,0,0,53.73802529337855,326.76895742276247,15.84528352835918,18.482824937498915,,,,
B_a1.5_rho1.0,B,4,14,0.009004479143074047,0.4402661621570587,527.7086292531827,,275.1326544733551,706861.4672460905,1470764.3395323895,0.30948205810929874,0.5679115056991577,True,1,0,2.0803074930748378,2786.5551657909473,20.388111655476866,23.44190864096356,,,,
B_a1.5_rho1.0,B,4,15,0.008119209756963888,0.514798104763031,0.0,,17893.069769842677,449947.87759582483,2446838.425959913,0.23814991852825074,0.369446724653244,True,0,0,5.398281616903018,inf,27.571828954905747,22.76336246939767,,,,
B_a1.5_rho1.0,B,4,16,0.007370054103067009,0.41218870878219604,959.4870245155441,,419.04799604102766,136776.58385013655,1220604.7681920836,0.35125408594035434,0.36568665504455566,True,0,0,8.921013274706263,1271.7063274640198,21.153754490189993,21.045560864228698,,,,
